order_id,date,store_id,product_id,unit_price,quantity,customer_id,channel
O102466,2025-07-18,SP002,A100,35.63,2,C6558,Online
O101270,2025-06-25,SP001,A200,62.73,1,C5585,store
O100217,2025-06-04,MG001,A100,45.01,2,C5892,store
O103515,2025/08/06,SP001,C100,146.52,1,C8101,MarketPlace
O104131,2025-08-16,RJ001,B200,120.94,2,C2631,online
O100020,2025-06-01,SP002,C200,197.15,4,C6925,market_place
O101157,2025-06-22,RJ001,A200,58.77,2,C2646,on-line
O100271,2025-06-06,SP001,C200,202.41,4,C9041,market_place
O103694,2025-08-09,SP001,C200,203.03,1,C2438,ONLINE
O103091,2025-07-29,MG001,C200,208.95,2,C7627,store
O102431,2025-07-17,SP002,B200,110.68,4,C9056,online
O104894,2025-08-28,MG001,C100,151.25,1,C5924,ONLINE
O100255,2025-06-05,RJ001,C200,197.34,2,C3506,in_store
O104405,2025-08-20,MG001,B100,86.74,1,C9244,marketplace
O102035,2025-07-10,SP001,A100,35.34,6,C3955,ONLINE
O101077,2025-06-21,SP002,C100,148.21,2,C7931,IN_STORE
O104213,2025-08-17,RJ001,C200,201.64,2,C2137,ONLINE
O102833,24/07/2025,MG001,A200,64.79,4,C5233,on-line
O100543,2025-06-10,RJ001,B100,72.35,3,C3419,IN_STORE
O103636,2025-08-08,SP002,C100,145.2,3,C6060,in_store
O105018,2025-08-31,SP001,A200,59.39,3,C5569,store
O104717,2025-08-25,RJ001,C100,149.25,1,C2565,Online
O102421,2025-07-17,SP002,C100,144.26,1,C7159,online
O100033,2025-06-01,SP002,C200,179.91,1,C1916,in_store
O104420,2025-08-21,SP001,C200,218.38,2,C4796,Online
O103318,2025-08-02,MG001,B200,126.71,1,C7056,on-line
O103185,2025-07-31,RJ001,C200,181.37,1,C1305,Online
O102637,2025-07-21,SP001,B200,126.18,1,C9381,IN_STORE
O103148,2025-07-31,SP001,A100,38.42,6,C7711,market_place
O102238,2025-07-13,MG001,A100,40.49,2,C6460,online
O101708,2025-07-04,SP001,A200,63.64,3,C2252,store
O102220,2025-07-13,SP002,C100,155.61,2,C2790,on-line
O102313,2025-07-15,SP002,C100,131.58,2,C8903,online
O101544,2025-07-01,SP001,C200,193.41,2,C9504,IN_STORE
O102609,2025-07-20,RJ001,C200,205.78,2,C5673,MarketPlace
O102271,2025-07-14,SP002,B100,74.28,1,C1755,in_store
O100187,2025-06-04,SP001,A200,56.69,2,C3414,online
O100039,2025-06-01,SP002,A200,57.54,1,,store
O103428,2025-08-04,RJ001,C100,149.35,2,C7719,In-Store
O103885,2025-08-12,SP001,B200,115.66,2,C5831,marketplace
O103144,2025-07-31,SP001,B200,117.31,2,C3175,In-Store
O102737,2025-07-23,SP001,C200,220.46,1,C7494,ONLINE
O100616,2025-06-12,SP001,C200,197.21,3,C8349,IN_STORE
O103949,2025-08-13,SP002,B200,119.77,2,C7782,market_place
O103886,2025-08-12,SP001,B100,73.87,2,C1170,Online
O104602,2025-08-23,MG001,A100,41.24,2,C1392,in_store
O101841,2025-07-06,SP002,A100,39.61,4,C3924,MarketPlace
O101910,2025-07-07,SP002,A100,42.21,2,C2045,ONLINE
O104645,2025-08-24,SP002,B100,79.69,5,C3241,ONLINE
O102111,2025-07-11,MG001,A100,38.99,4,C5792,ONLINE
O104407,2025-08-20,MG001,B200,118.02,2,C2028,marketplace
O104482,2025-08-22,SP001,B100,75.15,2,,online
O100329,2025-06-07,SP001,C200,197.28,1,C1659,store
O101211,2025-06-23,MG001,B200,108.86,1,C6241,marketplace
O104397,2025-08-20,MG001,B200,127.08,1,C7960,in_store
O104281,2025-08-18,MG001,B200,119.13,3,C2659,store
O104844,2025-08-27,MG001,A100,40.18,3,C8639,IN_STORE
O100819,2025-06-15,RJ001,C200,210.74,2,C9590,marketplace
O100755,2025-06-14,MG001,B200,119.9,6,C1659,marketplace
O102461,2025-07-18,SP001,A100,40.72,2,C1415,ONLINE
O100813,2025-06-15,RJ001,A200,59.77,3,C3880,store
O104658,2025-08-24,RJ001,B100,78.72,1,C3481,in_store
O100019,2025-06-01,SP002,A100,38.94,1,C5803,market_place
O100916,2025-06-17,MG001,C200,217.2,2,C4350,MarketPlace
O101792,2025-07-05,RJ001,B200,111.14,3,,marketplace
O104838,2025-08-27,MG001,A200,56.06,2,C5368,marketplace
O104168,2025-08-17,SP001,A200,60.47,1,C3073,Online
O104015,2025-08-14,RJ001,A100,38.33,2,C7260,market_place
O104163,2025-08-17,SP001,A200,49.41,2,C1484,marketplace
O102027,2025-07-10,SP001,C100,152.26,1,C2658,on-line
O102886,2025-07-26,SP001,C200,202.04,2,C5270,Online
O102350,2025-07-15,MG001,C200,206.85,1,C3224,In-Store
O101132,2025-06-22,SP002,B200,118.13,1,C1011,In-Store
O103495,2025-08-05,RJ001,B100,79.91,2,C4372,on-line
O105078,2025-08-31,MG001,C200,207.99,1,C3530,In-Store
O104369,2025-08-20,SP002,C100,154.36,1,C5760,Online
O102692,22/07/2025,SP001,A100,41.3,3,C1284,Online
O100193,2025-06-04,SP001,A200,55.72,1,C1090,market_place
O101740,2025-07-04,MG001,C100,157.52,2,C8207,on-line
O104685,2025-08-25,SP001,C100,147.21,2,C5286,In-Store
O100836,2025-06-15,MG001,C200,206.47,3,C2017,ONLINE
O101461,2025-06-29,SP001,A100,39.23,4,C3250,ONLINE
O103764,2025-08-10,SP002,C100,148.9,1,C3761,store
O100492,2025-06-09,RJ001,C200,206.74,1,C5712,on-line
O102607,2025-07-20,RJ001,B100,83.2,5,C8469,In-Store
O101078,2025-06-21,SP002,A200,57.66,4,C9804,store
O102733,2025-07-23,SP001,C100,165.99,1,C5761,in_store
O102360,2025/07/16,SP001,A100,39.38,1,C8917,Online
O103482,2025-08-05,SP002,C100,154.25,1,C1217,market_place
O103263,2025-08-02,SP001,A100,41.11,1,C8075,In-Store
O100276,2025-06-06,SP001,B200,129.72,1,C9698,market_place
O103234,2025-08-01,RJ001,B100,82.66,1,C4734,marketplace
O103933,2025-08-13,SP001,A200,59.33,3,C9691,in_store
O100714,2025-06-14,SP001,C100,149.03,3,C1464,online
O103456,2025-08-05,SP001,A200,59.48,2,C1262,Online
O101571,2025-07-01,RJ001,A100,37.28,1,C6818,store
O100611,2025-06-12,SP001,A200,61.89,2,C2337,store
O102010,2025-07-09,MG001,A100,37.24,1,C9572,online
O102935,2025-07-26,RJ001,A100,39.6,1,C5263,in_store
O100431,2025-06-08,RJ001,C100,143.15,2,C2035,online
O101729,2025-07-04,RJ001,B200,127.14,2,C1760,IN_STORE
O100343,2025-06-07,SP002,B200,129.99,1,C4073,online
O101922,2025-07-07,MG001,B200,106.33,1,C9835,Online
O101847,06/07/2025,SP002,B100,84.49,2,C4755,on-line
O104430,2025-08-21,SP002,C200,201.85,2,C7187,in_store
O101980,2025-07-09,SP001,B100,86.21,1,C5075,on-line
O101180,2025-06-23,SP001,A100,41.52,1,C9791,marketplace
O100733,2025-06-14,SP002,C100,156.61,2,C5067,In-Store
O103960,2025-08-13,SP002,A200,57.82,4,C1976,on-line
O101376,2025-06-27,SP001,C100,146.56,3,C6238,IN_STORE
O101690,2025-07-03,MG001,C200,207.16,3,C8982,MarketPlace
O103168,2025-07-31,SP002,A100,39.25,2,C9876,Online
O103761,2025-08-10,SP001,C200,201.44,1,C6653,market_place
O101257,2025-06-24,MG001,A200,52.0,1,C1195,on-line
O103792,2025-08-10,RJ001,A200,61.7,8,C8110,IN_STORE
O101008,2025/06/19,MG001,B100,89.45,1,C7483,online
O104119,2025-08-16,SP002,C200,199.3,4,C6036,in_store
O102218,2025-07-13,SP002,B100,85.53,2,C7779,market_place
O103486,2025-08-05,SP002,A100,36.0,1,C7136,Online
O102061,2025-07-10,MG001,A100,38.6,4,C7251,market_place
O102510,2025-07-19,SP001,B200,109.83,4,C3617,Online
O102019,2025-07-10,SP001,C100,146.94,1,C2161,MarketPlace
O100722,2025-06-14,SP002,C200,176.92,1,C3589,ONLINE
O100466,2025-06-09,SP001,C100,163.97,3,C9543,ONLINE
O103645,2025-08-08,SP002,B100,87.98,2,C3608,market_place
O104593,2025-08-23,MG001,C100,140.93,1,C5700,IN_STORE
O103321,2025-08-02,MG001,C200,193.58,1,C2941,on-line
O101563,2025-07-01,SP002,C100,137.59,2,C4389,MarketPlace
O102797,2025-07-24,SP001,C200,207.19,2,C3730,in_store
O101062,2025-06-21,SP001,C100,143.56,1,C9796,ONLINE
O103555,2025-08-06,MG001,C200,195.81,1,C6047,store
O102280,2025-07-14,RJ001,C100,152.48,6,C9422,marketplace
O100610,2025-06-12,SP001,B200,122.52,1,C7126,MarketPlace
O100388,2025-06-07,MG001,B200,116.55,1,C5906,ONLINE
O102479,2025-07-18,RJ001,A100,42.92,1,C9145,online
O104204,2025-08-17,RJ001,A100,41.38,1,C7901,IN_STORE
O101071,21/06/2025,SP001,C100,146.24,1,C2388,market_place
O104243,2025-08-18,SP002,C200,185.69,3,C2231,ONLINE
O104914,29/08/2025,SP001,A200,57.79,2,C6359,IN_STORE
O102630,2025-07-20,MG001,B100,85.36,4,C6347,Online
O103938,2025-08-13,SP001,A100,39.56,3,C9179,in_store
O104139,2025-08-16,MG001,A100,38.61,1,C7265,marketplace
O101945,2025-07-08,SP001,A100,39.74,3,C3238,Online
O101382,2025-06-27,SP002,B200,106.84,1,C7790,Online
O102901,2025-07-26,SP001,A200,61.04,2,C5717,in_store
O103162,2025-07-31,SP002,A100,38.54,4,C6249,MarketPlace
O104603,2025-08-23,MG001,C200,191.62,3,C2196,ONLINE
O103992,2025-08-14,SP001,B200,127.35,3,C2264,online
O100630,2025-06-12,RJ001,A200,59.98,1,C2402,marketplace
O104261,2025-08-18,RJ001,B100,77.7,2,C8802,on-line
O103351,2025-08-03,SP002,B200,122.06,2,C7021,in_store
O105050,2025-08-31,SP002,C200,190.86,2,C7657,market_place
O103534,2025-08-06,SP002,C200,189.11,1,C9349,in_store
O104450,2025-08-21,MG001,A100,42.7,2,C9856,market_place
O101206,2025-06-23,RJ001,A100,40.43,3,C1201,Online
O105048,31/08/2025,SP002,A200,62.87,1,C2144,store
O101372,2025-06-27,SP001,A200,62.02,1,C4157,on-line
O101529,2025-06-30,RJ001,A100,41.43,3,C7557,store
O103491,2025-08-05,RJ001,C200,202.29,2,C3199,IN_STORE
O104170,2025-08-17,SP001,A200,60.01,3,C6710,Online
O103348,2025-08-03,SP001,A200,59.25,2,,marketplace
O102118,2025-07-11,MG001,B100,75.77,1,C9027,store
O101786,2025-07-05,RJ001,C200,195.57,3,C6175,online
O101726,2025-07-04,RJ001,B100,76.44,3,C4834,In-Store
O103160,2025-07-31,SP002,A200,60.12,2,C5504,ONLINE
O101492,2025-06-29,MG001,B200,114.99,3,C5190,marketplace
O101867,2025-07-06,RJ001,A200,60.49,2,C8722,In-Store
O101874,2025-07-06,MG001,A100,37.37,1,C5422,MarketPlace
O104549,2025-08-23,SP001,A200,57.05,5,C9302,MarketPlace
O101629,2025-07-02,MG001,A200,56.82,3,C1833,In-Store
O103202,2025-07-31,MG001,C200,196.21,2,C3288,on-line
O101072,2025-06-21,SP001,C200,185.59,3,C6131,Online
O100115,2025-06-02,MG001,A200,62.48,2,C7484,In-Store
O103198,2025-07-31,MG001,C200,193.88,2,C9361,online
O102986,2025-07-27,RJ001,A100,37.02,1,C2763,MarketPlace
O101735,2025-07-04,MG001,B100,75.72,2,C2275,marketplace
O104110,2025-08-16,SP002,C100,158.9,3,C1534,marketplace
O102021,2025-07-10,SP001,A100,41.89,3,C1994,store
O102177,2025-07-12,MG001,A200,61.52,3,C7775,in_store
O103127,2025-07-30,MG001,C100,141.18,4,C4483,online
O100216,2025-06-04,MG001,C100,156.85,2,C8814,IN_STORE
O102228,2025-07-13,RJ001,C200,200.66,1,C4171,in_store
O103944,2025-08-13,SP001,A100,38.15,1,C8003,Online
O100107,2025-06-02,RJ001,A200,59.21,1,C2113,ONLINE
O104719,2025-08-25,RJ001,A200,57.64,2,C6114,marketplace
O102843,25/07/2025,SP001,B100,76.76,2,C2478,store
O100167,2025-06-03,MG001,A100,38.15,5,C9821,market_place
O102216,2025-07-13,SP002,B100,85.09,3,C3204,store
O100646,2025-06-12,MG001,A100,39.52,3,C1686,Online
O103649,2025-08-08,RJ001,A100,36.43,1,C5637,MarketPlace
O104842,2025-08-27,MG001,A200,59.54,3,C1052,market_place
O103993,2025-08-14,SP001,C200,211.87,1,C8821,store
O100660,13/06/2025,SP002,A100,39.4,1,C6372,ONLINE
O100214,2025-06-04,RJ001,B200,120.18,1,C4388,online
O102675,2025-07-21,MG001,B100,82.67,2,C6832,IN_STORE
O101272,2025-06-25,SP001,C100,149.81,1,C5026,marketplace
O104646,2025-08-24,SP002,B100,83.98,3,C2908,marketplace
O103108,2025-07-30,SP002,C200,202.29,1,C9737,marketplace
O102940,2025-07-26,MG001,B200,121.1,1,C2843,IN_STORE
O103175,2025-07-31,SP002,B100,76.64,1,C2617,IN_STORE
O102626,2025-07-20,MG001,C200,209.6,1,C1656,store
O102584,2025-07-20,SP002,C200,2096.6,1,C5788,market_place
O100991,2025-06-19,RJ001,B200,115.8,2,C9395,store
O100559,2025-06-10,MG001,B200,116.85,4,C1672,store
O102438,2025-07-17,RJ001,A100,42.32,2,C5105,MarketPlace
O103856,2025-08-11,RJ001,C100,154.0,8,C6996,In-Store
O101704,2025-07-04,SP001,B100,84.5,1,C8978,store
O102430,2025-07-17,SP002,B100,79.09,1,C3915,In-Store
O104884,2025-08-28,MG001,A200,57.49,2,C8192,online
O101751,2025-07-05,SP001,C100,153.39,4,C3639,marketplace
O104370,2025-08-20,SP002,C100,145.96,3,C6428,store
O103775,2025-08-10,SP002,A200,57.27,1,C9446,in_store
O104466,2025-08-21,MG001,C100,151.19,2,C1579,market_place
O101996,2025-07-09,SP002,C200,192.63,3,C5510,IN_STORE
O103233,2025-08-01,SP002,C200,206.32,1,C3087,ONLINE
O104095,2025-08-16,SP001,B100,82.83,1,C9226,IN_STORE
O103332,2025-08-02,MG001,B200,120.07,2,C2062,marketplace
O104129,2025-08-16,RJ001,C200,189.02,2,C7604,on-line
O105031,2025-08-31,SP002,A200,56.06,3,C9247,market_place
O103380,2025-08-03,RJ001,B200,132.12,1,C6810,MarketPlace
O104635,2025-08-24,SP002,A200,61.73,2,C4388,Online
O102140,2025-07-12,SP002,B100,77.05,1,C7737,IN_STORE
O100720,2025-06-14,SP001,B200,109.12,5,C7653,Online
O103656,08/08/2025,RJ001,C200,202.51,1,C5769,store
O103846,2025-08-11,SP002,C100,155.53,1,C2429,store
O103027,2025-07-28,RJ001,C100,142.99,4,C2040,In-Store
O102418,2025-07-17,SP001,A100,40.09,1,C4552,marketplace
O102624,2025-07-20,MG001,C100,146.11,1,C8243,marketplace
O101724,2025-07-04,RJ001,B100,77.41,2,C4585,online
O101570,2025-07-01,RJ001,A100,36.36,1,C4633,marketplace
O101336,2025-06-26,SP002,B200,115.47,1,C2228,ONLINE
O101063,2025-06-21,SP001,A200,60.25,1,C6340,in_store
O101569,2025-07-01,RJ001,C200,191.33,1,C2868,store
O101657,2025-07-03,SP002,C200,194.54,2,C3519,on-line
O100663,2025/06/13,SP002,A200,60.92,3,C8272,marketplace
O101815,2025-07-05,MG001,A200,57.32,2,C5520,Online
O102847,2025-07-25,SP002,B200,120.51,1,C3363,Online
O103449,2025-08-04,MG001,C200,211.99,2,C4541,MarketPlace
O102361,2025-07-16,SP001,C200,199.36,3,C2854,IN_STORE
O104342,2025-08-19,MG001,B200,114.68,1,C5075,In-Store
O104954,2025-08-29,MG001,B100,79.33,2,C6528,store
O101099,2025-06-21,MG001,B100,74.01,1,C8368,ONLINE
O102279,2025-07-14,RJ001,B100,76.28,4,C1249,ONLINE
O100260,2025-06-05,RJ001,B100,85.23,2,C2419,on-line
O104762,2025-08-26,SP002,A200,64.8,3,C9572,store
O104757,2025-08-26,SP002,B200,125.36,1,C1151,store
O100770,2025-06-14,MG001,C200,203.89,4,C4728,marketplace
O103731,2025-08-09,RJ001,C100,145.54,3,C2565,In-Store
O104860,2025-08-28,SP002,B100,78.26,3,C8202,store
O104125,2025/08/16,RJ001,A200,60.29,3,,marketplace
O103964,2025-08-13,RJ001,A200,58.13,3,C1915,on-line
O101475,2025-06-29,SP002,A100,38.94,1,C9700,In-Store
O103968,2025-08-13,RJ001,C200,207.62,3,C7089,in_store
O102423,2025/07/17,SP002,A100,39.85,2,C4018,marketplace
O104505,2025-08-22,RJ001,B100,76.25,4,C4453,marketplace
O101338,2025-06-26,SP002,C100,147.71,1,C8909,MarketPlace
O102904,2025-07-26,SP001,C100,142.63,3,C5636,Online
O102962,2025-07-27,SP002,A200,56.84,1,C7535,online
O103551,2025-08-06,MG001,C100,143.23,2,C7743,store
O100958,2025-06-19,SP001,A100,39.86,3,C1154,MarketPlace
O102765,2025-07-23,RJ001,B200,116.95,2,C1589,IN_STORE
O102337,2025-07-15,MG001,B100,75.49,1,C1870,marketplace
O101258,2025-06-24,MG001,A100,43.97,4,C3141,on-line
O101919,2025-07-07,MG001,A100,37.03,1,C6846,ONLINE
O103031,2025-07-28,RJ001,B200,118.39,3,C8147,marketplace
O105033,2025-08-31,SP002,A100,40.66,5,C5095,in_store
O104740,2025-08-26,SP001,C200,212.62,4,C4808,market_place
O101566,2025-07-01,SP002,A200,60.9,1,C6439,IN_STORE
O102136,2025-07-12,SP001,C200,213.27,1,C3589,MarketPlace
O100547,2025-06-10,RJ001,A200,55.76,1,C9095,marketplace
O104730,2025/08/25,MG001,B100,77.61,2,C2774,market_place
O103967,2025-08-13,RJ001,B200,118.89,4,C1431,MarketPlace
O101938,2025-07-08,SP001,B200,118.5,1,C3675,on-line
O101214,2025-06-23,MG001,A200,59.43,2,C9450,online
O101864,2025-07-06,RJ001,B200,113.88,1,C2650,market_place
O100489,2025-06-09,RJ001,C100,140.22,1,C6400,MarketPlace
O102928,2025-07-26,RJ001,C200,213.08,5,C8046,in_store
O101843,2025-07-06,SP002,A200,65.17,2,C5408,marketplace
O101635,2025-07-02,MG001,A200,58.69,3,C9897,store
O101085,2025-06-21,RJ001,C100,150.75,1,C9109,marketplace
O101413,2025-06-28,SP002,B100,76.75,1,C8308,In-Store
O101559,2025-07-01,SP002,C200,209.87,3,C1291,MarketPlace
O103977,2025-08-13,MG001,C200,205.31,2,C8703,in_store
O102364,2025-07-16,SP001,B100,76.19,3,C9469,IN_STORE
O103901,2025-08-12,SP002,A100,38.05,3,C3669,IN_STORE
O104093,2025-08-16,SP001,A200,57.69,2,C1235,MarketPlace
O100294,2025-06-06,SP002,B100,80.68,4,C1841,ONLINE
O103001,2025-07-27,MG001,B200,112.53,3,C1217,ONLINE
O100534,2025-06-10,SP002,A100,38.93,1,C3815,In-Store
O102500,2025-07-19,SP001,C100,136.29,1,C9190,on-line
O103524,2025/08/06,SP001,C200,206.49,4,C4206,IN_STORE
O103724,2025-08-09,RJ001,B200,125.17,3,C6396,ONLINE
O102873,2025-07-25,MG001,C100,144.0,1,C6764,ONLINE
O104585,2025-08-23,RJ001,C200,195.79,3,C8291,Online
O102128,2025-07-12,SP001,C100,155.21,2,C4726,MarketPlace
O101524,2025-06-30,RJ001,A100,37.72,1,C1158,Online
O102475,2025-07-18,SP002,A200,66.27,2,C3138,MarketPlace
O104688,2025-08-25,SP001,B200,109.88,6,C1895,IN_STORE
O102815,2025-07-24,RJ001,A200,60.75,1,C9178,MarketPlace
O104987,2025-08-30,SP002,A100,42.59,4,C4393,in_store
O104112,2025-08-16,SP002,A200,64.2,2,C8448,Online
O101028,2025-06-20,SP002,C100,157.0,1,C9755,IN_STORE
O102802,2025-07-24,SP002,A100,40.9,3,C7586,IN_STORE
O101803,2025-07-05,MG001,A100,44.21,1,C4633,In-Store
O103082,2025-07-29,MG001,C100,159.15,1,C9516,online
O104627,2025-08-24,SP001,B200,120.48,2,C5558,MarketPlace
O103081,2025/07/29,MG001,A100,44.01,3,C3473,marketplace
O103853,2025-08-11,SP002,C100,150.11,2,C3517,market_place
O103822,2025-08-11,SP001,A200,61.83,2,C7984,online
O102352,2025-07-15,MG001,B200,120.21,4,C7974,market_place
O102103,2025-07-11,RJ001,C200,191.88,1,C1301,marketplace
O104313,2025-08-19,RJ001,B200,126.77,1,C5003,on-line
O104772,2025-08-26,RJ001,C200,210.29,2,C9810,Online
O103229,01/08/2025,SP002,A100,38.58,1,C9197,IN_STORE
O100420,2025-06-08,SP002,B100,78.35,4,C5210,online
O100106,2025-06-02,RJ001,A100,41.44,3,C2312,marketplace
O100510,2025-06-10,SP001,C100,154.53,1,C2391,marketplace
O101122,2025-06-22,SP001,C200,182.38,3,C8511,online
O102175,2025-07-12,MG001,A100,42.26,1,C9202,MarketPlace
O103339,2025-08-03,SP001,B100,85.11,3,C7569,market_place
O103691,2025-08-09,SP001,A100,40.09,1,C8327,marketplace
O101619,2025-07-02,RJ001,A200,58.44,1,C7025,market_place
O102816,2025-07-24,RJ001,A200,60.68,1,C8656,MarketPlace
O105082,2025-08-31,MG001,A100,38.21,2,C5963,ONLINE
O103080,2025-07-29,MG001,B200,123.78,1,C7443,on-line
O102186,2025-07-12,MG001,C200,175.54,1,C3619,MarketPlace
O104231,2025-08-17,MG001,B100,84.19,1,C3790,market_place
O100888,2025-06-17,SP001,A200,56.96,3,C5739,marketplace
O103140,2025-07-30,MG001,A100,41.45,1,C9970,ONLINE
O103096,2025-07-30,SP001,A200,58.31,5,C9383,ONLINE
O101200,2025-06-23,SP002,B200,116.1,2,C9368,IN_STORE
O103359,2025-08-03,SP002,A100,35.03,2,C6902,Online
O103556,2025-08-06,MG001,A100,38.69,1,C9056,Online
O100222,2025-06-04,MG001,B200,125.81,1,C7371,online
O101784,2025-07-05,RJ001,C100,155.45,2,C2930,MarketPlace
O103506,2025-08-05,MG001,A100,39.37,2,C8652,in_store
O101269,2025-06-25,SP001,A200,62.32,2,C4517,store
O100320,2025-06-06,MG001,C100,152.37,1,C5728,marketplace
O102383,16/07/2025,RJ001,B100,75.59,3,C2827,ONLINE
O100003,2025-06-01,SP001,A200,57.29,1,C2679,online
O100036,2025-06-01,SP002,A200,58.24,2,C6155,market_place
O104552,2025-08-23,SP001,A100,38.06,5,C5244,MarketPlace
O104528,2025-08-22,MG001,B200,123.47,2,C4903,MarketPlace
O102566,2025-07-19,MG001,C100,156.83,2,C2326,ONLINE
O103730,2025-08-09,RJ001,A200,61.46,2,C6022,MarketPlace
O100569,2025-06-11,SP001,B100,81.86,1,C7347,store
O103333,2025-08-02,MG001,A200,60.08,1,C7358,market_place
O102916,2025-07-26,SP002,B200,130.19,3,C1745,in_store
O102779,2025-07-23,MG001,A200,60.34,4,C6715,IN_STORE
O104674,2025-08-24,MG001,A100,42.13,6,C2841,Online
O103200,2025-07-31,MG001,C200,200.37,5,C2145,market_place
O101098,2025-06-21,MG001,A100,41.52,1,C5055,marketplace
O103035,2025-07-28,RJ001,C100,157.93,1,C6556,Online
O104581,2025-08-23,RJ001,A200,62.44,4,C5801,marketplace
O104530,2025-08-22,MG001,C200,200.42,5,C2401,store
O104622,2025-08-24,SP001,C100,153.13,1,C9604,MarketPlace
O104020,2025-08-14,RJ001,A200,59.92,2,C3307,MarketPlace
O103338,2025-08-03,SP001,C200,206.78,2,C8762,store
O103264,2025-08-02,SP001,A100,39.34,2,C1914,ONLINE
O102180,2025-07-12,MG001,B200,115.88,1,C5097,on-line
O102007,2025-07-09,RJ001,C200,180.71,1,C3525,IN_STORE
O103499,2025/08/05,MG001,B100,80.22,1,C8247,Online
O100565,2025-06-11,SP001,C200,218.47,2,C1641,online
O104021,2025-08-14,RJ001,C200,206.6,2,C9218,on-line
O100334,2025-06-07,SP001,B200,125.01,3,C7690,In-Store
O103387,2025-08-03,MG001,B200,130.16,1,C7400,online
O104502,2025-08-22,RJ001,B100,78.42,2,C8966,store
O100116,2025-06-02,MG001,A200,57.62,4,C5915,marketplace
O101648,2025-07-03,SP001,C100,153.57,1,C8300,MarketPlace
O104250,2025-08-18,SP002,C200,210.95,1,C3523,in_store
O101387,27/06/2025,SP002,C200,189.65,1,C8750,store
O103850,2025-08-11,SP002,A100,40.43,7,C9955,Online
O101268,2025-06-25,SP001,A100,36.01,3,C7990,IN_STORE
O102689,2025-07-22,SP001,A200,56.65,4,C9612,marketplace
O100347,2025-06-07,SP002,A200,60.47,3,C8178,in_store
O104383,2025-08-20,RJ001,A100,40.8,4,C8271,marketplace
O102723,2025-07-22,MG001,B200,129.99,1,C9425,online
O103936,2025-08-13,SP001,C200,208.51,1,C5940,market_place
O103378,2025-08-03,RJ001,A200,53.87,1,C3102,MarketPlace
O102132,12/07/2025,SP001,A200,55.88,1,C3270,market_place
O104026,2025-08-14,MG001,C200,205.72,1,C7350,MarketPlace
O104109,2025-08-16,SP002,A100,41.37,1,C8276,market_place
O101673,2025-07-03,RJ001,B200,1116.7,1,C9740,Online
O103206,2025-08-01,SP001,C200,198.54,1,C8417,in_store
O100398,2025-06-08,SP001,B200,113.21,1,C1153,store
O100834,2025-06-15,MG001,B100,77.81,1,C1187,market_place
O101287,2025-06-25,SP002,A200,56.51,1,C5060,online
O103627,2025-08-08,SP001,A200,58.08,1,C7941,in_store
O104804,2025-08-27,SP002,B200,124.92,4,C8235,marketplace
O101140,2025-06-22,SP002,B200,117.5,1,C2494,marketplace
O104796,2025-08-27,SP001,B200,120.94,1,C8728,market_place
O104944,2025-08-29,MG001,C100,146.7,2,C2829,in_store
O101309,2025-06-25,MG001,A200,61.57,1,C8157,market_place
O100674,2025-06-13,SP002,B100,84.48,2,C8273,In-Store
O104188,2025-08-17,SP002,A100,40.36,4,C6286,ONLINE
O103377,2025-08-03,RJ001,C100,142.15,3,C7139,on-line
O102349,2025-07-15,MG001,A200,56.97,2,C8974,marketplace
O100476,2025-06-09,SP002,B200,125.13,1,C8048,marketplace
O103976,2025-08-13,MG001,C200,210.63,2,C9641,ONLINE
O103991,2025-08-14,SP001,C100,145.14,4,C4586,online
O103201,2025-07-31,MG001,B100,78.37,1,C7476,Online
O104652,2025-08-24,RJ001,A100,39.67,4,C2645,IN_STORE
O100188,2025-06-04,SP001,A100,41.25,1,C5011,Online
O101557,2025-07-01,SP002,A100,39.19,2,C8324,In-Store
O101248,2025-06-24,RJ001,A100,41.81,1,C3582,on-line
O104475,2025-08-22,SP001,A100,38.61,3,C9752,ONLINE
O100138,2025-06-03,SP001,C100,146.69,1,C2832,on-line
O102613,2025-07-20,RJ001,B200,118.99,1,C7056,in_store
O101970,2025-07-08,MG001,C200,211.25,2,C9534,market_place
O103227,2025-08-01,SP002,B100,81.8,1,C4425,In-Store
O103030,2025-07-28,RJ001,C100,140.16,3,C6681,MarketPlace
O101128,2025-06-22,SP002,C100,158.62,1,C8951,on-line
O102121,2025/07/11,MG001,B100,76.56,5,,market_place
O104718,2025-08-25,RJ001,C200,194.8,4,C7408,marketplace
O103517,2025-08-06,SP001,B200,119.42,3,C2363,in_store
O100913,2025-06-17,RJ001,B100,77.15,2,C4470,on-line
O100581,2025-06-11,SP002,A100,40.85,2,C7937,market_place
O102327,2025-07-15,RJ001,C100,145.06,1,C1003,market_place
O100935,2025-06-18,SP002,C200,190.23,3,C9584,Online
O100891,2025-06-17,SP001,A200,56.89,2,C3347,In-Store
O103639,2025-08-08,SP002,C200,218.28,1,C9110,online
O102523,2025-07-19,SP002,C200,193.88,2,C4276,IN_STORE
O101586,2025-07-02,SP001,C200,209.93,1,C2696,online
O100704,2025-06-13,MG001,A200,56.96,1,C3697,IN_STORE
O100073,2025-06-01,MG001,A100,38.95,3,C1344,in_store
O103541,2025-08-06,RJ001,B100,75.66,2,C8462,marketplace
O102762,2025-07-23,RJ001,C100,154.28,1,C1517,online
O101861,2025-07-06,RJ001,A100,40.88,1,C9490,MarketPlace
O101050,2025-06-20,MG001,A100,40.18,2,C2885,market_place
O104936,2025-08-29,RJ001,A200,53.69,1,C3109,in_store
O100043,2025-06-01,RJ001,A200,56.69,4,C9348,Online
O103432,2025-08-04,RJ001,C200,190.92,3,C8567,MarketPlace
O100366,2025-06-07,RJ001,C100,153.69,2,,MarketPlace
O100513,2025-06-10,SP001,B100,76.07,1,C7947,in_store
O104265,2025-08-18,RJ001,B200,116.42,1,C3467,online
O101159,2025/06/22,RJ001,B100,87.57,2,C6152,IN_STORE
O103057,2025-07-29,SP001,B200,117.59,4,C2734,on-line
O103554,2025-08-06,MG001,A200,58.5,3,C4432,in_store
O103781,2025-08-10,RJ001,B200,117.7,1,C1145,store
O104924,2025-08-29,SP002,A200,60.47,5,C4079,in_store
O100718,2025-06-14,SP001,B200,119.98,1,C9938,marketplace
O102620,2025-07-20,MG001,B200,125.35,3,C3556,in_store
O101719,2025-07-04,SP002,B100,80.0,2,C1173,MarketPlace
O102322,2025-07-15,RJ001,B200,119.89,1,C6046,on-line
O104974,2025-08-30,SP002,B200,115.33,3,C1366,in_store
O101394,2025-06-27,RJ001,B100,85.33,1,C5593,IN_STORE
O104808,2025-08-27,SP002,A100,43.68,1,C8636,store
O102093,2025-07-11,RJ001,A200,58.04,4,C2405,MarketPlace
O100470,2025-06-09,SP001,B200,117.5,2,C8267,market_place
O100213,2025-06-04,RJ001,B100,77.63,2,C8633,marketplace
O102489,2025-07-18,MG001,C100,151.87,5,C8187,on-line
O102699,2025-07-22,SP002,C200,200.07,8,C6036,ONLINE
O100690,2025-06-13,RJ001,B100,77.93,1,C4673,marketplace
O102781,2025-07-23,MG001,C200,194.4,2,C7235,IN_STORE
O104052,2025-08-15,SP002,B100,77.5,3,C8675,in_store
O104565,2025-08-23,SP002,B200,126.26,2,C1510,In-Store
O104181,2025-08-17,SP002,C100,158.67,4,C8033,IN_STORE
O100825,2025-06-15,MG001,C200,201.91,3,C5833,IN_STORE
O103619,07/08/2025,MG001,A200,57.94,2,C5244,Online
O104791,2025-08-27,SP001,A200,65.0,2,C2496,Online
O104215,2025-08-17,RJ001,C200,201.0,6,C5500,IN_STORE
O103754,2025-08-10,SP001,C100,159.5,1,C1175,IN_STORE
O100951,2025-06-18,MG001,B100,83.13,1,C5379,In-Store
O102782,2025-07-23,MG001,A100,40.67,3,C6654,store
O102481,2025-07-18,RJ001,A100,38.46,1,C7983,ONLINE
O102357,2025-07-16,SP001,C100,148.99,1,C4878,IN_STORE
O104958,2025-08-30,SP001,A100,39.24,3,C6318,IN_STORE
O101378,2025-06-27,SP002,B200,115.13,2,C7510,MarketPlace
O101280,2025-06-25,SP001,B200,115.47,2,C8940,MarketPlace
O104000,2025-08-14,SP002,A200,58.4,2,C3666,in_store
O104058,2025-08-15,SP002,B100,80.03,1,C8967,market_place
O102682,2025-07-21,MG001,C200,213.07,5,C6939,marketplace
O101791,2025-07-05,RJ001,C200,195.2,2,C4337,in_store
O102144,2025-07-12,SP002,C100,153.7,3,C5372,MarketPlace
O102656,2025-07-21,SP002,B100,82.59,1,C9037,marketplace
O101408,2025-06-28,SP001,A200,60.81,1,C8478,Online
O103396,2025-08-03,MG001,A200,60.33,3,C5769,Online
O100638,2025-06-12,RJ001,A200,58.39,3,C2698,market_place
O104428,2025-08-21,SP002,B200,125.88,2,C1482,IN_STORE
O100880,2025-06-16,MG001,A100,41.93,4,C7868,MarketPlace
O102390,2025-07-16,RJ001,B200,123.75,2,C7277,In-Store
O100074,2025-06-01,MG001,C100,144.13,4,C4770,MarketPlace
O103325,2025-08-02,MG001,C100,146.26,1,C5006,store
O101423,2025-06-28,SP002,B200,125.52,3,C3837,online
O101316,2025-06-26,SP001,C100,142.67,2,C3983,on-line
O103195,2025-07-31,MG001,A100,41.22,3,C8900,on-line
O103150,2025-07-31,SP001,B100,760.5,2,C1750,market_place
O101771,2025-07-05,SP002,C100,142.33,2,C2925,MarketPlace
O103354,2025-08-03,SP002,B200,120.2,2,C5351,online
O102152,2025-07-12,SP002,B200,113.88,2,C3683,on-line
O101385,2025-06-27,SP002,B100,73.51,1,C6633,MarketPlace
O100243,2025-06-05,SP002,A200,63.19,1,C2771,store
O103662,2025-08-08,RJ001,A100,37.66,2,C6825,ONLINE
O102865,2025-07-25,RJ001,B100,76.18,4,C4857,on-line
O103093,2025-07-30,SP001,A100,39.16,1,C6480,marketplace
O103875,2025-08-11,MG001,C100,162.54,4,C3803,online
O100363,2025-06-07,RJ001,C100,147.06,1,C9022,market_place
O100706,2025-06-13,MG001,B100,77.81,6,C5653,market_place
O103908,2025-08-12,RJ001,B200,126.8,6,C1339,in_store
O104651,2025-08-24,RJ001,C200,202.37,1,C6157,online
O102532,19/07/2025,RJ001,A100,38.69,5,C1977,MarketPlace
O100623,2025-06-12,SP002,C200,190.69,1,C8489,marketplace
O102411,2025-07-17,SP001,B100,73.41,4,C1173,market_place
O103494,2025-08-05,RJ001,A100,41.82,2,C6427,online
O104207,2025-08-17,RJ001,C100,143.71,1,C4873,store
O104456,2025-08-21,MG001,C100,144.65,2,C9192,marketplace
O102011,2025-07-09,MG001,C200,210.11,2,C1717,ONLINE
O101736,2025-07-04,MG001,C100,162.13,2,C7165,In-Store
O104290,2025-08-19,SP001,A200,59.41,2,C6442,Online
O101318,2025-06-26,SP001,C200,192.4,3,C2705,market_place
O104790,2025-08-27,SP001,A200,53.69,2,C1043,Online
O100575,2025-06-11,SP002,B100,78.36,1,C3317,Online
O101958,2025-07-08,RJ001,C200,204.16,2,C6410,on-line
O103642,08/08/2025,SP002,C200,0.0,2,C4687,ONLINE
O101585,2025-07-01,MG001,C100,145.41,4,C3845,on-line
O100643,2025-06-12,MG001,C200,186.95,2,C3209,ONLINE
O104657,2025-08-24,RJ001,A200,61.83,2,C4205,marketplace
O104376,2025-08-20,RJ001,B100,79.53,5,C6093,marketplace
O104792,2025-08-27,SP001,C100,155.12,2,C3348,Online
O103327,2025-08-02,MG001,C100,141.83,2,C3434,In-Store
O101951,2025-07-08,SP002,A100,40.41,2,C2675,online
O102295,2025-07-14,MG001,A100,40.06,3,C8672,market_place
O104744,2025-08-26,SP001,C200,196.2,2,C7660,market_place
O100220,2025-06-04,MG001,C100,162.19,3,C8999,ONLINE
O100182,2025-06-03,MG001,C200,182.53,2,C9375,Online
O103173,2025-07-31,SP002,C100,153.02,4,C3973,store
O104244,2025-08-18,SP002,B200,1295.0,3,C4481,online
O103817,2025-08-10,MG001,C200,202.57,1,C9230,MarketPlace
O104713,2025-08-25,RJ001,A200,60.59,3,C5423,market_place
O101398,2025/06/27,MG001,B100,80.55,4,C7828,MarketPlace
O104598,2025-08-23,MG001,B200,117.39,2,C3732,Online
O104898,2025-08-28,MG001,A100,40.24,1,C6067,ONLINE
O103483,2025-08-05,SP002,A200,58.78,3,C3032,online
O103920,2025-08-12,RJ001,A100,39.7,1,C2684,on-line
O102487,2025-07-18,MG001,B100,77.82,4,C7801,Online
O105022,2025-08-31,SP001,B200,127.84,1,C7618,ONLINE
O103128,2025-07-30,MG001,B200,112.47,3,C1534,in_store
O104027,2025-08-14,MG001,A200,62.12,3,C2228,online
O103034,2025-07-28,RJ001,B100,82.5,3,C4802,store
O101123,2025-06-22,SP001,C200,205.95,3,C6869,marketplace
O102896,2025-07-26,SP001,A100,39.56,1,C3787,store
O101597,2025-07-02,SP001,C200,191.58,2,C3913,market_place
O100969,2025-06-19,SP001,C200,223.32,2,C2260,in_store
O104327,2025-08-19,RJ001,B200,127.29,2,C3461,market_place
O103589,2025-08-07,SP002,B100,78.17,1,C8785,store
O100572,2025-06-11,SP002,A100,36.64,1,C2548,In-Store
O102266,2025-07-14,SP002,A100,41.52,3,C3174,marketplace
O101971,2025-07-08,MG001,A100,40.42,1,C8884,In-Store
O104595,2025-08-23,MG001,A100,40.88,1,C7898,in_store
O103914,2025-08-12,RJ001,A200,61.44,2,C8871,Online
O103341,2025-08-03,SP001,A200,53.81,4,C4325,online
O101386,2025-06-27,SP002,B200,120.79,3,C7275,IN_STORE
O103470,2025-08-05,SP001,C200,209.33,4,C7045,store
O102655,2025-07-21,SP002,A200,62.98,1,C7254,online
O102004,2025-07-09,RJ001,C100,147.95,5,C6254,on-line
O102273,2025-07-14,SP002,A100,42.55,1,C6114,marketplace
O103882,2025-08-11,MG001,C200,206.86,2,C7047,in_store
O100259,2025-06-05,RJ001,C200,201.48,4,C5397,market_place
O104155,2025-08-17,SP001,A200,58.38,3,C7879,market_place
O105037,2025-08-31,SP002,C100,133.5,4,C4162,MarketPlace
O103544,2025-08-06,RJ001,A100,37.98,1,C2512,online
O102840,2025-07-25,SP001,B200,0.0,3,C3302,marketplace
O100268,2025-06-05,MG001,A200,58.71,2,C4954,online
O102639,2025-07-21,SP001,B200,120.7,1,C8006,Online
O102034,2025-07-10,SP001,C200,189.23,2,C7997,IN_STORE
O103940,2025-08-13,SP001,C200,203.08,5,C1035,online
O101759,2025-07-05,SP001,C100,146.46,4,C8891,In-Store
O100015,2025-06-01,SP001,A100,37.89,2,C2584,In-Store
O102495,2025-07-18,MG001,B200,118.79,2,C8798,marketplace
O100596,2025-06-11,MG001,C100,147.44,4,C6070,ONLINE
O102926,2025-07-26,RJ001,A100,40.93,1,C1723,In-Store
O104807,2025-08-27,SP002,C200,200.72,2,C3916,store
O103256,2025-08-02,SP001,A100,40.09,4,C9514,In-Store
O104826,2025-08-27,RJ001,A100,44.86,1,C3509,MarketPlace
O100104,2025-06-02,RJ001,A100,39.8,1,C8811,Online
O104501,2025-08-22,RJ001,C100,146.74,2,C1884,ONLINE
O105077,2025-08-31,MG001,B200,124.89,4,C8206,marketplace
O101738,2025-07-04,MG001,B100,74.17,3,C8976,in_store
O103452,2025-08-04,MG001,B200,120.5,3,C6051,MarketPlace
O101530,2025-06-30,RJ001,B200,113.17,1,C7319,IN_STORE
O100452,2025-06-08,MG001,A100,42.35,1,C4394,MarketPlace
O103797,2025-08-10,MG001,A100,41.19,2,C4260,ONLINE
O103237,2025-08-01,RJ001,C200,196.01,4,C9731,marketplace
O100296,2025-06-06,SP002,A100,40.14,1,C9056,IN_STORE
O101082,2025-06-21,SP002,B100,84.15,1,C1878,in_store
O104864,2025-08-28,SP002,B200,119.25,6,C3793,market_place
O103805,2025-08-10,MG001,B100,78.3,3,C1223,market_place
O103071,2025-07-29,SP002,B100,74.75,3,C5021,marketplace
O103965,2025-08-13,RJ001,C200,202.93,2,C2920,online
O103539,2025-08-06,SP002,B100,82.1,2,C1462,market_place
O101827,2025-07-06,SP001,A100,42.79,5,C5222,MarketPlace
O103712,2025-08-09,SP002,B100,80.8,2,C3675,in_store
O103159,2025-07-31,SP001,A100,37.39,2,C9713,on-line
O102278,2025-07-14,SP002,B100,81.71,1,C3580,online
O104776,2025-08-26,MG001,B100,82.34,4,C4703,marketplace
O101885,2025-07-06,MG001,B200,121.61,4,C2577,market_place
O103086,2025-07-29,MG001,B100,82.74,5,C5583,on-line
O101006,2025-06-19,MG001,C100,144.78,2,C4203,marketplace
O104176,2025-08-17,SP002,B200,123.54,3,C6105,on-line
O100921,2025-06-17,MG001,C100,145.62,4,C8635,IN_STORE
O101775,2025-07-05,SP002,C100,143.32,3,C7068,IN_STORE
O105020,2025-08-31,SP001,C200,226.29,2,C6206,MarketPlace
O101636,2025-07-02,MG001,C100,136.93,3,C2506,IN_STORE
O102556,2025-07-19,RJ001,A200,58.19,2,C8524,MarketPlace
O101523,2025-06-30,RJ001,B200,125.62,1,C2898,marketplace
O100263,2025-06-05,MG001,B100,85.18,2,C9098,ONLINE
O101088,2025-06-21,RJ001,B200,117.06,1,C2354,ONLINE
O100482,2025-06-09,SP002,B100,82.89,4,C6120,in_store
O100131,2025-06-02,MG001,C200,190.89,1,C5325,market_place
O102078,2025-07-11,SP001,B200,119.93,2,C3136,market_place
O104092,2025-08-16,SP001,A200,62.36,2,C4436,store
O101221,2025-06-24,SP001,B200,127.65,3,C9083,IN_STORE
O101205,2025/06/23,RJ001,A200,60.17,2,C9336,marketplace
O102498,2025-07-18,MG001,C100,144.62,6,C7750,In-Store
O100925,2025-06-18,SP001,C100,142.69,3,C3390,ONLINE
O102330,2025-07-15,RJ001,B200,118.12,3,C8326,market_place
O103697,2025-08-09,SP002,B100,83.48,3,C9919,In-Store
O102951,2025-07-27,SP001,B200,113.05,1,C2737,In-Store
O102768,2025-07-23,MG001,B200,121.31,3,C6119,Online
O104034,2025-08-15,SP001,C100,147.57,1,C6789,In-Store
O104885,2025-08-28,MG001,C100,156.46,1,C8126,in_store
O103935,2025-08-13,SP001,C200,214.78,2,C3461,In-Store
O103813,2025-08-10,MG001,A200,58.48,1,C2884,in_store
O104962,2025-08-30,SP001,C200,183.38,1,C5073,store
O103652,2025-08-08,RJ001,A100,40.05,4,C6298,Online
O101933,2025-07-08,SP001,A100,39.09,2,C9059,marketplace
O103625,2025-08-07,MG001,C100,145.38,1,C1027,MarketPlace
O103562,2025-08-06,MG001,C200,207.25,1,C4244,online
O104871,2025-08-28,RJ001,A100,38.33,3,C4452,MarketPlace
O102235,2025-07-13,RJ001,C200,198.72,4,C5168,IN_STORE
O103870,2025-08-11,MG001,C100,147.33,1,C1145,on-line
O102965,2025/07/27,SP002,B100,85.98,2,C3525,MarketPlace
O100376,2025-06-07,MG001,C100,157.69,1,C1251,IN_STORE
O104879,2025-08-28,RJ001,C200,202.54,1,C1129,In-Store
O102726,2025-07-22,MG001,A100,37.03,1,C3226,MarketPlace
O102595,2025-07-20,RJ001,A200,63.4,3,C6680,In-Store
O103926,2025-08-12,MG001,A200,55.07,2,C7303,market_place
O100396,2025-06-08,SP001,B200,120.09,4,C3344,marketplace
O102657,2025-07-21,SP002,A100,40.07,3,C5979,IN_STORE
O101858,2025-07-06,RJ001,B200,122.0,1,C1533,marketplace
O104580,2025-08-23,RJ001,B200,116.5,1,C5410,In-Store
O100029,2025-06-01,SP002,C100,151.21,1,C3803,marketplace
O100985,2025-06-19,RJ001,B200,120.5,4,C3527,MarketPlace
O101091,2025-06-21,RJ001,A200,59.53,1,C5729,marketplace
O100787,15/06/2025,SP002,A200,60.14,2,C5890,in_store
O103638,2025-08-08,SP002,B100,0.0,1,C8836,market_place
O103734,2025-08-09,MG001,A100,40.4,2,C6210,on-line
O101528,30/06/2025,RJ001,B100,82.6,4,C3996,In-Store
O100696,2025-06-13,MG001,B100,81.03,2,C8842,in_store
O103718,2025-08-09,RJ001,C200,214.04,2,C9379,IN_STORE
O104823,2025-08-27,RJ001,B200,112.1,1,C8756,Online
O103695,2025-08-09,SP001,C100,149.79,4,C1573,IN_STORE
O104892,2025-08-28,MG001,B100,83.57,1,C7565,market_place
O104486,2025-08-22,SP002,C100,147.93,2,C1244,ONLINE
O101816,2025-07-05,MG001,B200,116.87,2,C7474,IN_STORE
O100304,2025-06-06,RJ001,C100,150.94,3,C2625,marketplace
O100468,2025/06/09,SP001,A100,41.1,2,C7580,IN_STORE
O102588,20/07/2025,SP002,A100,0.0,1,C3929,in_store
O103393,2025-08-03,MG001,A100,40.74,2,C9005,MarketPlace
O102053,2025-07-10,RJ001,B100,79.41,2,C3267,Online
O103344,2025-08-03,SP001,B200,131.53,2,C3575,marketplace
O102014,2025-07-09,MG001,A200,0.0,2,C1521,ONLINE
O100961,2025-06-19,SP001,C100,154.71,2,C9653,ONLINE
O103076,2025-07-29,RJ001,A100,44.35,3,C3385,IN_STORE
O103577,2025-08-07,SP001,A100,40.11,2,C9520,IN_STORE
O100456,2025-06-09,SP001,C100,148.9,2,C3858,store
O102910,2025-07-26,SP002,A100,38.4,1,C8682,online
O101603,2025-07-02,SP002,C100,161.65,3,C1414,on-line
O104045,2025-08-15,SP001,C100,149.54,2,C5306,in_store
O101850,2025-07-06,SP002,A100,38.55,5,C9071,marketplace
O103388,2025-08-03,MG001,A100,0.0,2,C7331,marketplace
O104270,18/08/2025,RJ001,C200,199.98,4,C4177,in_store
O104756,2025-08-26,SP002,B200,120.6,1,C9963,on-line
O104367,2025-08-20,SP002,A100,39.12,1,C5426,Online
O100173,2025-06-03,MG001,B100,75.94,2,C5844,store
O101317,2025-06-26,SP001,C100,147.11,3,C4619,store
O100910,2025-06-17,RJ001,B100,72.08,1,,store
O102126,2025-07-12,SP001,B200,116.96,2,C3248,marketplace
O100538,2025-06-10,RJ001,C100,152.64,2,C7484,ONLINE
O103391,2025-08-03,MG001,C200,200.9,3,C2527,In-Store
O102651,2025-07-21,SP002,A100,39.86,2,C7708,online
O104192,2025-08-17,SP002,A200,57.36,3,,IN_STORE
O102593,2025-07-20,SP002,C200,202.99,2,C5803,Online
O101324,2025-06-26,SP001,A200,62.81,2,C2110,online
O104687,2025-08-25,SP001,B200,119.12,1,C7966,In-Store
O102685,2025-07-21,MG001,C100,144.61,1,C7111,IN_STORE
O104336,2025-08-19,MG001,B100,79.34,6,C6737,Online
O103342,2025-08-03,SP001,B200,121.88,1,C7486,on-line
O103934,2025-08-13,SP001,B100,72.14,1,C3971,marketplace
O101231,2025-06-24,SP001,A100,37.26,3,C4792,on-line
O104589,2025-08-23,RJ001,C100,144.44,2,C8355,on-line
O104002,2025-08-14,SP002,A200,54.6,3,C1179,marketplace
O102606,2025-07-20,RJ001,B100,80.66,4,C3430,Online
O103894,2025-08-12,SP001,A200,63.53,3,C4796,in_store
O103659,2025-08-08,RJ001,B100,85.65,2,C2670,MarketPlace
O102597,2025-07-20,RJ001,B100,72.3,4,C2031,Online
O103752,2025-08-10,SP001,A100,41.7,4,C1940,online
O102333,2025-07-15,RJ001,B200,106.11,2,C6640,market_place
O103225,2025-08-01,SP002,C200,202.75,2,C4838,online
O104388,2025-08-20,RJ001,C200,195.48,1,C3018,marketplace
O102385,2025-07-16,RJ001,C200,179.96,3,C7058,IN_STORE
O103394,2025-08-03,MG001,A100,37.87,2,C4260,online
O100150,2025-06-03,SP002,C200,205.81,4,C5065,MarketPlace
O104779,2025-08-26,MG001,B200,125.21,4,C6009,market_place
O101059,2025-06-21,SP001,B200,115.6,2,C8037,market_place
O102859,2025-07-25,SP002,C200,213.26,2,C4926,market_place
O102309,2025-07-15,SP002,C100,135.5,2,C2162,marketplace
O104537,2025-08-23,SP001,B100,77.89,1,C8271,online
O102243,2025-07-13,MG001,B200,111.02,2,C8546,Online
O104599,2025-08-23,MG001,A100,39.8,2,,in_store
O103852,2025-08-11,SP002,C200,206.26,2,C4309,in_store
O104624,2025-08-24,SP001,B100,82.16,3,C7292,IN_STORE
O104293,2025/08/19,SP001,B100,803.6,3,C3908,Online
O100194,2025-06-04,SP001,A100,43.4,1,C4585,IN_STORE
O104576,2025-08-23,RJ001,C200,213.43,1,C9830,In-Store
O100593,2025-06-11,MG001,B200,120.21,1,C4891,IN_STORE
O100100,2025-06-02,SP002,C200,201.03,1,C8973,MarketPlace
O102835,2025-07-25,SP001,C200,188.76,2,C8960,on-line
O100183,2025-06-03,MG001,B200,112.3,1,C3780,marketplace
O103581,07/08/2025,SP002,B100,75.6,3,C6918,online
O104986,2025-08-30,SP002,C200,205.72,6,C5467,In-Store
O104271,2025-08-18,MG001,B100,79.17,1,C7597,Online
O102600,2025-07-20,RJ001,C100,144.7,3,C6346,store
O101234,2025-06-24,SP002,C100,153.51,2,C9280,ONLINE
O101613,2025/07/02,RJ001,A200,62.5,1,C5712,market_place
O103441,2025-08-04,RJ001,B200,105.97,2,C3643,In-Store
O104247,2025-08-18,SP002,B200,122.63,2,C6577,Online
O103714,2025-08-09,SP002,B100,76.85,2,C7968,MarketPlace
O103707,2025-08-09,SP002,B100,75.78,1,C3198,online
O105025,2025-08-31,SP001,B200,121.58,1,C1054,In-Store
O101038,2025-06-20,RJ001,C100,149.01,1,C4621,MarketPlace
O103678,2025-08-08,MG001,B100,79.61,5,C2549,market_place
O103215,2025-08-01,SP001,C200,200.63,3,C2270,MarketPlace
O104063,2025-08-15,RJ001,B100,75.98,1,C1513,MarketPlace
O101480,2025-06-29,RJ001,B200,118.59,1,C6015,market_place
O103085,2025-07-29,MG001,C200,178.59,2,C6139,market_place
O103061,2025-07-29,SP002,A200,52.76,1,C3572,In-Store
O105006,2025-08-30,MG001,B100,80.69,1,C5781,in_store
O103930,2025-08-13,SP001,B100,77.84,2,C6467,ONLINE
O104775,2025-08-26,MG001,C100,144.4,2,C2093,on-line
O100984,2025-06-19,SP002,A100,38.72,1,C3526,in_store
O103564,2025-08-07,SP001,A100,38.84,2,C4482,store
O102993,2025-07-27,RJ001,A100,390.09999999999997,1,C7819,on-line
O103474,2025-08-05,SP002,C100,155.35,4,C5127,ONLINE
O104239,2025-08-18,SP001,A200,66.19,4,C5322,online
O100421,2025-06-08,SP002,B200,121.92,2,C6549,store
O101713,2025-07-04,SP002,C100,157.11,1,C9904,In-Store
O104682,2025-08-24,MG001,C200,200.46,1,C1474,on-line
O103462,2025-08-05,SP001,B100,72.17,2,C4105,In-Store
O100170,2025-06-03,MG001,C200,203.0,1,C6143,In-Store
O103954,2025-08-13,SP002,C100,156.15,4,C4770,market_place
O102325,2025/07/15,RJ001,B100,79.36,2,C2007,IN_STORE
O101600,2025-07-02,SP002,C100,153.04,5,C7839,in_store
O102015,2025-07-09,MG001,C100,163.24,4,C7366,MarketPlace
O103637,2025-08-08,SP002,C100,148.07,3,C3022,marketplace
O101975,2025-07-08,MG001,B100,77.16,3,C3742,online
O100002,2025-06-01,SP001,C200,196.67,3,C5012,IN_STORE
O102346,2025-07-15,MG001,B200,121.06,1,C5726,ONLINE
O100305,2025-06-06,RJ001,A200,0.0,2,C4457,market_place
O103879,2025-08-11,MG001,A200,60.79,2,,in_store
O103271,2025-08-02,SP001,B100,75.96,2,C1425,MarketPlace
O102165,2025-07-12,RJ001,B200,124.5,1,C5025,online
O104578,2025-08-23,RJ001,A100,36.92,1,C8738,marketplace
O103194,2025-07-31,MG001,C100,145.78,2,C3742,In-Store
O100987,2025-06-19,RJ001,B100,83.36,1,C2499,Online
O103143,2025-07-31,SP001,C100,154.89,1,C6534,in_store
O103689,2025-08-09,SP001,A200,57.65,3,C2922,market_place
O104328,2025-08-19,RJ001,C100,155.61,7,C3664,IN_STORE
O103787,2025-08-10,RJ001,A200,56.55,1,C7477,In-Store
O103199,31/07/2025,MG001,B100,78.52,2,C3644,online
O105001,2025-08-30,RJ001,C100,164.35,1,C3785,market_place
O100659,2025-06-13,SP002,C100,154.84,5,C6262,IN_STORE
O100670,2025-06-13,SP002,A100,42.78,1,C2101,on-line
O103794,2025-08-10,RJ001,A100,36.9,5,C5667,Online
O103191,2025-07-31,MG001,C100,153.88,2,C5016,ONLINE
O100582,2025-06-11,SP002,C100,152.77,2,C1298,store
O100999,2025-06-19,MG001,C200,208.73,1,C3777,in_store
O101642,2025-07-03,SP001,A100,40.91,1,C6668,market_place
O104001,2025-08-14,SP002,C100,154.15,1,C2070,on-line
O101412,2025-06-28,SP002,C200,215.01,2,C4963,on-line
O100577,2025-06-11,SP002,A200,58.18,1,C2388,marketplace
O101625,2025-07-02,MG001,B200,113.43,2,C5329,in_store
O103788,2025-08-10,RJ001,B100,79.09,1,C6971,store
O104869,2025-08-28,SP002,A200,59.44,3,C9253,in_store
O104619,2025-08-24,SP001,A200,56.63,1,C5576,MarketPlace
O103365,2025-08-03,SP002,B100,80.18,3,C5906,on-line
O100979,2025-06-19,SP002,B200,118.4,4,C4737,in_store
O101188,2025-06-23,SP002,A200,59.61,3,C8118,on-line
O102920,2025-07-26,SP002,A200,59.99,3,C1673,marketplace
O102065,2025-07-10,MG001,C200,207.24,2,C7266,MarketPlace
O103859,2025-08-11,RJ001,B200,100.66,4,C9255,MarketPlace
O101807,2025-07-05,MG001,B100,72.28,2,C1941,market_place
O103073,2025-07-29,RJ001,A200,58.09,1,C8025,Online
O102946,2025-07-27,SP001,C100,149.32,3,C9618,ONLINE
O100075,2025-06-01,MG001,C100,143.56,1,C1117,Online
O103053,29/07/2025,SP001,B100,78.29,1,C5382,on-line
O103226,2025-08-01,SP002,B200,121.91,1,C1602,IN_STORE
O105054,2025-08-31,RJ001,C200,213.59,1,C9751,market_place
O101669,2025-07-03,RJ001,C100,143.56,2,C5748,ONLINE
O102085,2025-07-11,SP002,A100,41.27,1,C7776,marketplace
O101977,2025-07-08,MG001,B200,118.96,1,C1146,Online
O101041,2025-06-20,RJ001,A200,62.52,1,C1402,in_store
O101334,2025-06-26,SP002,B100,82.31,3,C2715,store
O102260,2025-07-14,SP001,B100,77.71,1,C4311,online
O102618,2025-07-20,MG001,B100,77.89,1,C1408,ONLINE
O104314,2025-08-19,RJ001,C100,138.03,4,C8056,market_place
O103300,2025-08-02,RJ001,C200,184.56,1,C8643,Online
O101873,2025-07-06,MG001,C100,146.16,3,C4744,market_place
O102971,2025-07-27,SP002,B200,132.98,1,C7358,In-Store
O104543,2025-08-23,SP001,A100,40.42,4,C3945,IN_STORE
O104041,2025-08-15,SP001,B200,129.22,5,C3113,marketplace
O105007,2025-08-30,MG001,B100,79.45,1,C8657,store
O101663,2025-07-03,RJ001,B200,118.89,2,C7626,marketplace
O100686,2025-06-13,RJ001,A100,38.68,1,C6236,marketplace
O102757,2025-07-23,RJ001,A100,39.76,2,C9518,market_place
O101562,2025-07-01,SP002,A100,40.52,3,C5990,on-line
O102490,18/07/2025,MG001,A200,61.36,3,C1666,market_place
O103299,2025-08-02,SP002,A200,55.36,3,C4654,ONLINE
O100051,2025-06-01,RJ001,C200,207.18,1,C2827,in_store
O103633,2025-08-08,SP002,B200,117.02,1,C8467,marketplace
O101849,2025-07-06,SP002,A200,59.93,3,C2964,online
O101662,2025-07-03,RJ001,B100,73.21,1,C7357,IN_STORE
O100852,2025-06-16,SP002,A200,64.86,3,,IN_STORE
O103877,2025-08-11,MG001,A200,53.31,1,C1640,IN_STORE
O104806,2025-08-27,SP002,C200,190.2,1,C8133,ONLINE
O101074,2025-06-21,SP001,A100,40.24,2,C7116,Online
O100716,2025-06-14,SP001,C200,196.22,1,C7825,on-line
O101247,2025-06-24,RJ001,B100,79.67,2,C5341,in_store
O104360,2025-08-20,SP001,C100,160.09,4,C4975,IN_STORE
O104366,2025-08-20,SP002,C100,144.05,3,C1890,IN_STORE
O102158,2025-07-12,RJ001,C200,192.76,1,C8496,In-Store
O101537,2025-06-30,MG001,B100,71.83,1,C1472,market_place
O102819,2025-07-24,RJ001,C100,149.86,2,C6968,ONLINE
O100897,2025-06-17,SP002,B100,79.33,1,C7244,marketplace
O103737,2025-08-09,MG001,C100,158.2,4,C7597,MarketPlace
O102921,2025-07-26,SP002,C100,145.03,2,C5264,Online
O101363,2025-06-26,MG001,C100,138.83,5,C4727,in_store
O104275,2025-08-18,MG001,C200,209.35,2,C5078,Online
O101844,2025-07-06,SP002,A200,61.43,1,C4115,market_place
O102112,2025-07-11,MG001,C200,201.44,1,C4787,IN_STORE
O101131,2025-06-22,SP002,A100,37.83,1,C3588,ONLINE
O102734,2025-07-23,SP001,B200,1146.3,1,C2140,on-line
O100501,2025-06-09,MG001,A100,36.14,2,C5477,online
O104355,2025-08-20,SP001,C100,149.54,1,C6858,market_place
O101485,2025-06-29,RJ001,B100,76.27,2,C6885,store
O103807,2025-08-10,MG001,C200,200.31,2,C8039,store
O102096,2025-07-11,RJ001,B100,88.58,3,C6624,online
O100761,2025-06-14,MG001,A200,56.32,3,C5902,store
O101830,2025-07-06,SP001,C100,144.64,1,C4985,store
O104747,2025-08-26,SP001,B200,119.51,1,C4862,store
O100583,2025-06-11,RJ001,B100,76.93,2,C3953,store
O104542,2025-08-23,SP001,B100,83.22,4,C6145,market_place
O104980,2025-08-30,SP002,A200,614.3,3,C1800,marketplace
O101622,2025-07-02,RJ001,B200,120.31,3,C2220,on-line
O102824,2025-07-24,MG001,B200,119.2,1,C5702,store
O101152,2025-06-22,RJ001,A100,39.26,3,C1138,marketplace
O104983,2025-08-30,SP002,C200,193.79,1,C4042,marketplace
O104078,2025-08-15,MG001,C200,210.9,1,C8156,Online
O102452,2025-07-18,SP001,B100,82.32,1,C6571,marketplace
O100564,2025-06-11,SP001,C200,210.28,3,C9266,Online
O103489,2025-08-05,RJ001,C200,204.44,1,C4900,online
O103115,2025-07-30,SP002,A200,56.27,2,C7974,MarketPlace
O103414,2025-08-04,SP001,C200,218.42,2,C5717,Online
O103055,2025-07-29,SP001,C100,0.0,2,C2706,market_place
O100485,2025-06-09,RJ001,A100,37.91,2,C2398,ONLINE
O104703,2025-08-25,SP002,B100,80.56,1,C7125,online
O101587,2025-07-02,SP001,B200,116.55,2,C6273,marketplace
O100061,2025-06-01,MG001,B100,83.18,3,C1949,on-line
O102925,2025-07-26,RJ001,B200,116.15,1,C5266,online
O101576,2025-07-01,MG001,A100,43.43,1,C4209,IN_STORE
O101093,2025-06-21,RJ001,C100,160.7,4,C2854,market_place
O103238,2025-08-01,RJ001,C100,145.67,2,C8437,in_store
O101024,2025-06-20,SP002,A200,58.9,2,C5961,market_place
O103429,2025-08-04,RJ001,B200,121.29,1,C5141,ONLINE
O101129,2025-06-22,SP002,B100,78.54,4,C1793,MarketPlace
O104260,2025-08-18,RJ001,A100,38.93,1,C4064,in_store
O100425,2025-06-08,SP002,B200,107.7,5,C5332,ONLINE
O100077,2025-06-01,MG001,A200,60.31,1,C1514,Online
O103036,2025-07-28,RJ001,C100,146.87,1,C8675,marketplace
O101939,2025-07-08,SP001,C200,203.74,1,C7385,market_place
O103443,2025-08-04,MG001,A200,61.38,1,C3034,store
O103616,2025-08-07,MG001,C200,196.47,2,C7176,in_store
O100289,2025-06-06,SP001,A200,64.35,5,C1745,In-Store
O102652,2025-07-21,SP002,C200,210.18,2,C7791,store
O101714,2025-07-04,SP002,C100,150.56,1,C3435,IN_STORE
O102830,2025-07-24,MG001,B200,118.38,1,C8145,MarketPlace
O102047,2025-07-10,SP002,C100,135.03,1,C5945,Online
O100488,2025-06-09,RJ001,A200,53.01,4,C1982,market_place
O101588,2025-07-02,SP001,C100,156.61,1,C7859,In-Store
O101860,2025-07-06,RJ001,C200,198.02,4,C8490,Online
O100749,2025-06-14,RJ001,A100,38.65,2,C9261,In-Store
O100408,2025-06-08,SP002,B100,73.75,1,C1803,Online
O102179,2025-07-12,MG001,A200,58.59,3,C4308,in_store
O102202,2025-07-13,SP001,A200,56.48,2,C5556,marketplace
O103597,2025/08/07,SP002,B100,77.35,1,C8800,In-Store
O103022,2025-07-28,SP002,B200,1066.5,1,C5764,store
O100554,2025-06-10,MG001,B100,75.58,1,C2215,MarketPlace
O104431,2025-08-21,SP002,A200,59.98,5,C4272,market_place
O104945,2025-08-29,MG001,A200,58.95,3,C9711,in_store
O102658,2025-07-21,SP002,B200,113.0,5,C8593,marketplace
O102923,2025/07/26,SP002,B100,73.11,1,C3161,IN_STORE
O103890,2025-08-12,SP001,C200,214.48,1,C7258,marketplace
O100024,2025-06-01,SP002,A100,41.98,2,C5554,In-Store
O104620,2025-08-24,SP001,A100,40.9,5,C5871,Online
O101521,2025-06-30,RJ001,A200,60.07,2,C5760,Online
O101455,2025-06-29,SP001,C100,160.23,3,C8598,in_store
O100189,2025-06-04,SP001,B200,134.29,1,C2193,marketplace
O100922,2025-06-17,MG001,A100,41.68,1,C8692,MarketPlace
O104003,2025-08-14,SP002,B100,76.79,2,C4305,on-line
O101527,2025-06-30,RJ001,C100,144.49,3,C2522,IN_STORE
O103701,2025-08-09,SP002,B200,124.24,1,C9035,online
O100798,2025-06-15,SP002,A200,58.29,2,C5442,market_place
O103312,2025-08-02,RJ001,B100,84.64,1,C5029,MarketPlace
O103275,2025-08-02,SP002,C100,144.96,1,C3064,on-line
O100283,2025-06-06,SP001,A200,56.41,1,C8933,market_place
O100680,2025-06-13,RJ001,C100,136.28,4,C2929,in_store
O101639,2025-07-03,SP001,B100,76.47,1,C4579,IN_STORE
O104613,2025-08-24,SP001,B200,127.33,1,C3205,MarketPlace
O101381,2025-06-27,SP002,C200,191.53,2,C9561,marketplace
O104594,2025-08-23,MG001,B100,79.27,1,C2932,In-Store
O100688,2025-06-13,RJ001,C100,138.2,3,C5757,market_place
O101332,2025-06-26,SP002,A200,61.28,2,C2207,In-Store
O103911,2025-08-12,RJ001,B100,75.06,1,C1221,online
O100143,2025-06-03,SP001,B100,75.95,5,C1653,In-Store
O103711,2025-08-09,SP002,A100,38.98,1,C5177,market_place
O105085,2025-08-31,MG001,C200,186.96,1,C7649,market_place
O102425,2025-07-17,SP002,C200,216.61,2,C8429,on-line
O103804,2025-08-10,MG001,A100,41.61,3,C3548,ONLINE
O100088,2025-06-02,SP001,A100,41.59,5,C4139,ONLINE
O104821,2025-08-27,RJ001,C100,150.13,1,,on-line
O104596,2025-08-23,MG001,C100,146.73,1,C9096,online
O100428,2025-06-08,RJ001,C100,145.85,2,C7086,In-Store
O102059,2025-07-10,MG001,A200,62.96,4,C2562,IN_STORE
O104368,2025-08-20,SP002,C200,190.16,1,C6463,online
O103669,2025-08-08,MG001,B100,74.99,3,C3826,marketplace
O101083,2025-06-21,SP002,B100,76.92,1,C8939,Online
O101379,2025-06-27,SP002,C100,147.88,1,C5525,in_store
O104865,2025-08-28,SP002,A100,42.11,3,C7318,marketplace
O104618,2025-08-24,SP001,B200,120.2,1,C8185,In-Store
O102130,2025-07-12,SP001,B200,122.54,1,C6395,in_store
O102250,2025-07-14,SP001,B100,75.11,1,C6556,Online
O104375,2025-08-20,RJ001,A200,59.5,3,C3535,Online
O102460,2025-07-18,SP001,C200,199.18,1,C3292,ONLINE
O103019,2025-07-28,SP002,A200,56.7,5,C7418,IN_STORE
O105061,2025-08-31,RJ001,A200,59.02,3,C2831,store
O100385,2025-06-07,MG001,A200,58.37,1,C5708,MarketPlace
O104745,2025-08-26,SP001,A100,40.39,2,C4427,in_store
O100603,2025-06-11,MG001,B100,72.11,1,,market_place
O104609,2025/08/23,MG001,C200,182.13,1,C2208,online
O103665,2025-08-08,MG001,C100,151.04,2,C3434,In-Store
O103274,2025-08-02,SP002,A100,39.95,1,C2106,ONLINE
O103563,2025-08-07,SP001,B200,122.27,1,C9234,on-line
O104459,2025-08-21,MG001,C100,160.08,1,C5309,IN_STORE
O103180,2025-07-31,RJ001,B200,111.03,3,C9264,MarketPlace
O103018,2025-07-28,SP002,B200,121.34,1,C4975,marketplace
O100591,2025-06-11,RJ001,A200,58.81,3,C3712,on-line
O101197,2025-06-23,SP002,A100,39.04,1,C8034,in_store
O104154,2025-08-17,SP001,A100,35.4,1,C2250,In-Store
O104663,2025-08-24,RJ001,A100,38.11,4,C2102,store
O103986,2025-08-13,MG001,C100,152.36,2,C6014,market_place
O100481,2025-06-09,SP002,B200,117.89,1,C2557,In-Store
O101090,2025-06-21,RJ001,B100,75.5,1,C5503,online
O102629,2025-07-20,MG001,C100,148.34,2,C8306,ONLINE
O103729,2025-08-09,RJ001,B200,123.65,4,C3023,online
O104937,2025-08-29,RJ001,C100,147.62,2,C7291,marketplace
O104538,2025-08-23,SP001,B200,104.42,3,C8207,on-line
O103270,2025-08-02,SP001,B200,122.12,1,C2659,marketplace
O102060,2025-07-10,MG001,C100,134.59,4,C5921,marketplace
O101927,2025-07-07,MG001,C100,146.04,2,C2467,Online
O101821,2025-07-06,SP001,B100,77.57,1,C4707,store
O102580,2025-07-20,SP002,A100,37.31,1,C7108,online
O101166,2025-06-22,MG001,B100,80.55,3,C1894,marketplace
O100372,2025-06-07,MG001,C200,190.15,3,C3492,MarketPlace
O100087,2025-06-02,SP001,A100,38.72,1,C6559,in_store
O100022,2025-06-01,SP002,A100,41.49,1,C4733,market_place
O101355,2025-06-26,RJ001,A100,43.64,1,C9914,market_place
O104813,2025-08-27,SP002,B200,127.19,1,C9618,IN_STORE
O104073,2025-08-15,MG001,C200,205.74,6,C4015,In-Store
O101691,2025-07-03,MG001,B100,81.62,2,C3100,store
O101630,2025-07-02,MG001,C200,207.61,3,C5934,market_place
O103045,2025-07-28,MG001,A200,64.19,2,C1770,on-line
O101506,2025-06-30,SP002,B100,79.24,1,C2741,ONLINE
O100608,2025-06-12,SP001,A200,56.87,1,C6727,store
O102512,2025-07-19,SP001,C200,178.66,4,C5670,IN_STORE
O101778,2025-07-05,SP002,B200,115.74,1,C2600,IN_STORE
O104266,2025-08-18,RJ001,B200,110.36,1,C8059,marketplace
O104900,2025-08-28,MG001,B200,124.27,2,C8546,Online
O101744,2025-07-05,SP001,A200,59.9,3,C2938,store
O101572,2025-07-01,RJ001,C200,206.89,3,C9973,in_store
O104504,2025-08-22,RJ001,A200,63.39,1,C4777,market_place
O103288,2025-08-02,SP002,A100,39.65,4,C9308,online
O100493,2025/06/09,RJ001,C100,156.66,5,C6761,In-Store
O101022,2025-06-20,SP002,B200,109.67,1,C2133,store
O103770,2025-08-10,SP002,A100,39.96,2,C5092,in_store
O103955,2025-08-13,SP002,B200,116.68,1,C7911,Online
O100348,2025-06-07,SP002,C200,186.1,2,C2989,IN_STORE
O101772,2025-07-05,SP002,A100,42.02,3,C3135,IN_STORE
O100523,2025-06-10,SP001,A200,59.43,1,C5742,IN_STORE
O104966,2025-08-30,SP001,B100,83.83,3,C8504,In-Store
O102991,2025-07-27,RJ001,C200,193.71,2,C8583,marketplace
O100810,2025-06-15,RJ001,C200,207.41,4,C2465,online
O100536,2025-06-10,RJ001,A100,42.47,2,C2734,IN_STORE
O101644,2025-07-03,SP001,A100,36.92,2,C6258,MarketPlace
O104508,2025-08-22,RJ001,C200,0.0,3,C2871,store
O101992,2025-07-09,SP002,C200,214.38,2,C5828,in_store
O104649,2025-08-24,SP002,A200,61.06,1,C6494,market_place
O100210,2025-06-04,RJ001,A200,60.63,1,C7275,ONLINE
O100298,2025-06-06,SP002,A200,54.08,2,C5978,online
O102775,2025-07-23,MG001,B200,123.61,2,C7189,marketplace
O101144,2025-06-22,SP002,C100,151.71,1,C8291,marketplace
O103621,2025-08-07,MG001,A100,41.16,3,C6574,Online
O101833,2025-07-06,SP001,A100,39.76,3,C2106,store
O101018,2025-06-20,SP001,B100,73.64,1,C4273,ONLINE
O103259,2025-08-02,SP001,C100,148.94,3,C2401,online
O101580,2025-07-01,MG001,B200,117.79,2,C3018,on-line
O102983,2025-07-27,RJ001,C200,198.6,3,C5073,in_store
O101042,2025-06-20,RJ001,B200,124.32,2,C5840,online
O101452,2025-06-29,SP001,A200,60.59,1,C4659,in_store
O100130,2025-06-02,MG001,C200,203.85,1,C4335,in_store
O102919,2025-07-26,SP002,B200,132.53,4,C7076,market_place
O101822,2025-07-06,SP001,C100,154.53,2,C8450,online
O100950,2025-06-18,MG001,A200,61.07,1,C9625,market_place
O100066,2025-06-01,MG001,C100,149.61,1,C5342,ONLINE
O104805,2025-08-27,SP002,B200,111.99,3,C5104,MarketPlace
O100865,2025-06-16,RJ001,A100,42.36,1,C7698,IN_STORE
O102568,2025-07-19,MG001,C100,146.76,2,C6963,MarketPlace
O100491,2025-06-09,RJ001,B100,76.99,3,C7929,market_place
O102795,2025-07-24,SP001,B200,123.51,2,C4373,ONLINE
O101743,2025-07-05,SP001,A200,61.33,4,C4062,on-line
O100677,2025-06-13,SP002,B100,77.54,2,C5566,MarketPlace
O102277,2025-07-14,SP002,B200,126.47,5,C2927,market_place
O100134,2025-06-03,SP001,B100,69.98,2,C1058,Online
O104462,2025-08-21,MG001,A200,58.37,3,C1973,In-Store
O101643,2025-07-03,SP001,B200,115.64,3,C4994,Online
O103099,2025-07-30,SP001,A100,39.12,1,C9846,Online
O103670,2025-08-08,MG001,C200,193.04,2,C7150,marketplace
O102861,2025-07-25,RJ001,B100,76.64,2,C6945,market_place
O104749,2025-08-26,SP001,C100,147.84,1,C2334,MarketPlace
O103366,2025-08-03,SP002,B100,72.46,3,C7616,In-Store
O103479,2025-08-05,SP002,C200,210.72,3,C2106,IN_STORE
O100157,2025-06-03,RJ001,A100,38.7,4,C6753,IN_STORE
O104639,2025-08-24,SP002,A100,44.31,1,C1422,In-Store
O104076,2025-08-15,MG001,A200,596.4,3,C7866,IN_STORE
O100352,2025-06-07,RJ001,A100,40.73,1,C2858,Online
O104925,2025-08-29,SP002,A100,39.35,3,C5946,Online
O101163,2025/06/22,MG001,C200,207.69,2,C5942,ONLINE
O104444,2025-08-21,RJ001,B100,80.69,2,C3258,in_store
O104755,2025-08-26,SP002,B200,125.18,1,C9594,ONLINE
O100165,2025-06-03,RJ001,A100,36.75,4,C4114,IN_STORE
O100361,2025-06-07,RJ001,C100,144.37,4,C1042,in_store
O102087,2025-07-11,SP002,A200,56.48,2,C6644,in_store
O101288,2025-06-25,SP002,C200,204.51,2,C5366,on-line
O104039,15/08/2025,SP001,C100,147.9,3,C1648,IN_STORE
O103884,2025-08-12,SP001,B100,68.22,3,C3189,MarketPlace
O103197,2025-07-31,MG001,C200,201.67,1,C6757,store
O104845,2025-08-27,MG001,C100,159.13,1,C2410,market_place
O101344,2025-06-26,RJ001,B100,74.83,2,C5612,marketplace
O102331,2025-07-15,RJ001,A200,62.4,3,C6187,Online
O101789,2025-07-05,RJ001,B100,74.06,3,C7939,MarketPlace
O100890,2025-06-17,SP001,C100,156.98,2,C6253,MarketPlace
O104249,2025-08-18,SP002,C100,145.84,2,C6108,store
O103778,2025-08-10,SP002,C100,139.93,2,C6382,store
O102222,2025-07-13,RJ001,A100,38.15,2,C5705,In-Store
O102569,2025-07-20,SP001,A100,40.17,4,C7274,Online
O100156,2025-06-03,RJ001,B200,119.28,1,C5564,In-Store
O100869,2025-06-16,RJ001,C200,174.24,1,C9835,market_place
O104337,2025-08-19,MG001,B100,76.82,4,C3540,market_place
O102301,2025-07-15,SP001,C200,198.71,4,C6412,market_place
O104857,2025-08-28,SP002,B100,74.77,2,C6169,Online
O101674,2025-07-03,RJ001,A200,56.98,2,C7406,Online
O104201,2025-08-17,RJ001,C200,197.73,5,C6206,IN_STORE
O102462,2025-07-18,SP001,C200,211.09,1,C4907,MarketPlace
O100293,2025/06/06,SP002,B200,117.09,2,C8216,IN_STORE
O104400,2025/08/20,MG001,A100,38.69,1,C5960,MarketPlace
O103569,2025-08-07,SP001,C200,214.19,4,C2307,Online
O103985,13/08/2025,MG001,C100,155.88,1,C5227,marketplace
O101546,2025-07-01,SP001,B200,113.57,1,C5072,market_place
O103809,2025-08-10,MG001,B200,113.21,4,C5742,In-Store
O102742,2025-07-23,SP001,B100,77.66,1,C6548,online
O101498,2025-06-30,SP001,C100,151.74,1,C8772,IN_STORE
O102511,19/07/2025,SP001,C200,195.43,3,C1885,on-line
O101805,2025-07-05,MG001,C200,190.11,1,C7564,IN_STORE
O104103,2025-08-16,SP001,C100,162.44,3,C7251,in_store
O101148,2025-06-22,RJ001,B200,119.54,2,C2678,on-line
O101243,2025-06-24,SP002,A200,62.09,2,C3693,online
O103601,2025-08-07,RJ001,C100,139.71,1,C9267,MarketPlace
O103663,2025-08-08,RJ001,B200,116.18,3,C1859,on-line
O100312,2025-06-06,RJ001,B100,77.05,2,C5632,market_place
O104190,2025-08-17,SP002,A200,63.32,1,C4525,online
O102954,2025-07-27,SP001,B200,112.29,3,C5412,marketplace
O103981,2025-08-13,MG001,A100,40.17,3,C1526,MarketPlace
O104059,2025-08-15,SP002,A200,59.2,1,C8802,marketplace
O101610,2025-07-02,SP002,B100,78.97,2,C2679,IN_STORE
O101987,2025-07-09,SP002,B100,73.68,1,C6690,MarketPlace
O103565,2025-08-07,SP001,A200,58.95,2,C1966,Online
O104633,2025-08-24,SP002,B100,80.77,1,C2738,MarketPlace
O100149,2025-06-03,SP002,C200,174.1,1,C7745,IN_STORE
O104378,2025-08-20,RJ001,C100,140.59,3,C4288,market_place
O102646,2025-07-21,SP001,C200,178.74,1,C7786,In-Store
O104340,2025-08-19,MG001,B200,123.89,1,C2322,market_place
O104055,2025-08-15,SP002,C200,202.35,1,C7503,online
O101505,30/06/2025,SP002,C200,206.21,3,C2928,MarketPlace
O103268,2025-08-02,SP001,C100,149.26,1,C1173,marketplace
O102080,2025-07-11,SP002,B200,119.51,2,C4212,store
O101756,2025-07-05,SP001,C100,160.18,1,C1305,market_place
O102750,2025-07-23,SP002,A200,53.47,2,C2770,In-Store
O103604,2025-08-07,RJ001,B200,120.61,2,C8311,on-line
O101578,2025-07-01,MG001,A200,59.33,1,C4122,IN_STORE
O101017,2025-06-20,SP001,B200,134.29,1,C7437,store
O101672,2025-07-03,RJ001,B200,115.33,3,C1504,market_place
O104496,2025-08-22,SP002,B200,111.88,1,C6848,market_place
O101069,2025-06-21,SP001,B100,82.39,2,C3826,In-Store
O101686,03/07/2025,MG001,C200,201.67,2,C1891,marketplace
O102915,2025-07-26,SP002,A100,42.8,6,C4847,in_store
O101300,2025-06-25,RJ001,A100,38.11,2,C8831,MarketPlace
O102707,2025-07-22,RJ001,A100,39.14,3,C1168,IN_STORE
O102700,2025-07-22,SP002,A200,58.26,1,C3133,on-line
O100809,2025-06-15,RJ001,B100,77.9,1,C5676,In-Store
O104318,2025-08-19,RJ001,B200,107.74,3,C3866,marketplace
O102864,2025-07-25,RJ001,A100,42.81,2,C5186,in_store
O104934,2025-08-29,RJ001,C200,189.81,6,C2661,market_place
O104421,2025-08-21,SP001,A100,36.04,1,C2740,MarketPlace
O104069,2025-08-15,RJ001,A100,42.56,4,C2134,ONLINE
O100201,2025-06-04,SP002,B200,109.06,3,C8305,market_place
O101470,2025-06-29,SP002,B200,129.14,1,C3120,online
O102040,2025-07-10,SP002,B100,78.89,1,C8054,store
O100701,2025-06-13,MG001,B100,77.01,2,C3981,online
O104099,2025-08-16,SP001,C100,145.72,2,C9571,in_store
O100455,2025-06-08,MG001,B100,76.92,1,C3129,on-line
O104100,2025-08-16,SP001,B100,75.81,1,C3880,on-line
O102464,2025-07-18,SP002,C100,161.18,2,C6041,marketplace
O101432,2025-06-28,RJ001,C100,148.05,1,C5631,market_place
O105010,2025-08-30,MG001,B200,116.91,2,,on-line
O102204,2025-07-13,SP001,A100,39.07,3,C3429,Online
O100505,2025-06-09,MG001,A100,40.04,1,C1502,Online
O100912,2025-06-17,RJ001,B200,113.89,3,C6455,online
O103679,2025-08-09,SP001,C100,155.17,2,C7290,online
O102672,2025-07-21,RJ001,A200,62.17,2,C8553,In-Store
O103608,07/08/2025,RJ001,A100,40.68,4,C1478,store
O102900,2025-07-26,SP001,A100,38.95,3,C4328,Online
O103222,2025-08-01,SP002,A200,60.83,1,C1324,MarketPlace
O104671,2025-08-24,MG001,C200,180.02,1,C9031,In-Store
O103047,2025-07-28,MG001,B100,75.08,1,C3598,market_place
O103979,2025-08-13,MG001,B200,122.54,2,C1216,marketplace
O102725,2025-07-22,MG001,B100,82.43,3,C8633,on-line
O101217,2025-06-23,MG001,B100,69.55,3,C8483,online
O102774,2025-07-23,MG001,A100,39.6,2,C5315,store
O102428,2025-07-17,SP002,B100,76.53,2,C7271,on-line
O101764,2025-07-05,SP002,B200,115.09,3,C2127,marketplace
O101212,2025-06-23,MG001,B100,79.29,3,C7108,online
O101359,2025-06-26,MG001,B200,128.48,1,C5315,in_store
O103125,2025-07-30,RJ001,A200,61.03,1,C8499,in_store
O100607,2025-06-12,SP001,A200,62.11,3,C2502,IN_STORE
O104210,2025-08-17,RJ001,B200,109.9,5,C3147,In-Store
O104711,2025-08-25,RJ001,A100,42.85,1,C3025,store
O102387,2025-07-16,RJ001,B200,117.89,3,C9640,Online
O100190,2025-06-04,SP001,B200,112.41,3,C4185,In-Store
O100917,2025-06-17,MG001,B200,123.24,3,C6269,online
O100980,2025-06-19,SP002,B100,77.05,2,C7150,market_place
O100604,2025-06-11,MG001,C200,200.18,1,C3042,market_place
O101825,2025-07-06,SP001,C100,149.85,2,C2185,online
O101862,2025-07-06,RJ001,B200,117.64,2,C1137,store
O104529,2025-08-22,MG001,A200,60.65,3,C5598,Online
O103580,2025-08-07,SP002,B100,80.79,1,C6620,In-Store
O105011,2025-08-30,MG001,C100,140.07,1,C9040,marketplace
O104878,2025-08-28,RJ001,B100,72.23,3,C2713,market_place
O103308,2025-08-02,RJ001,A200,62.22,1,C6896,marketplace
O101883,2025-07-06,MG001,B200,124.93,1,C3676,online
O104214,2025-08-17,RJ001,B200,116.4,6,C7800,online
O100364,2025-06-07,RJ001,A200,64.09,2,C9824,In-Store
O101346,26/06/2025,RJ001,A100,38.33,1,C9043,In-Store
O102008,2025-07-09,RJ001,C100,155.69,1,C6285,IN_STORE
O102760,2025-07-23,RJ001,B200,121.23,1,C5287,MarketPlace
O102070,2025-07-10,MG001,A200,56.69,1,C7436,online
O100325,2025-06-07,SP001,C100,143.25,2,C8078,online
O101275,2025-06-25,SP001,A100,39.48,2,C5583,Online
O104694,2025-08-25,SP001,C100,0.0,1,C6401,market_place
O100356,2025-06-07,RJ001,B200,125.57,1,C8736,in_store
O100873,2025-06-16,MG001,C200,203.01,2,C1056,on-line
O101374,2025-06-27,SP001,A100,41.49,5,C8133,MarketPlace
O103367,2025-08-03,SP002,B200,121.46,3,C1194,MarketPlace
O102903,2025-07-26,SP001,A200,59.1,1,C4385,IN_STORE
O102318,2025-07-15,RJ001,A200,54.34,1,C2276,marketplace
O102529,2025-07-19,SP002,A200,55.37,2,C4181,in_store
O102176,12/07/2025,MG001,A100,40.52,3,C9952,on-line
O100225,2025-06-05,SP001,A200,61.41,1,C9751,MarketPlace
O102286,14/07/2025,MG001,C100,167.02,1,C1831,IN_STORE
O101451,29/06/2025,SP001,C200,206.27,4,C2463,IN_STORE
O102554,2025-07-19,RJ001,B100,80.11,2,C2486,on-line
O100713,2025-06-14,SP001,A200,56.96,2,C6531,market_place
O100462,2025-06-09,SP001,C100,142.96,2,C2041,ONLINE
O101015,2025-06-20,SP001,C200,193.21,3,C9044,market_place
O101052,2025-06-21,SP001,C200,192.88,4,C4996,online
O103220,2025-08-01,SP002,A100,39.39,1,C7069,In-Store
O101121,2025-06-22,SP001,B200,117.57,3,C1040,IN_STORE
O104140,2025-08-16,MG001,A100,36.09,1,C3138,market_place
O101628,2025-07-02,MG001,C200,198.03,1,C1654,online
O103942,2025-08-13,SP001,B100,70.17,3,C7399,ONLINE
O103410,2025-08-04,SP001,A200,55.12,2,C2048,In-Store
O100080,2025-06-02,SP001,A200,55.16,3,C3167,market_place
O102329,2025-07-15,RJ001,B200,122.93,1,C5775,MarketPlace
O101829,2025-07-06,SP001,C200,195.55,1,C7178,in_store
O102748,2025-07-23,SP002,B200,125.28,2,C7626,market_place
O103668,2025-08-08,MG001,A200,55.75,1,C9005,in_store
O101490,2025-06-29,MG001,A200,53.82,2,C7006,Online
O103571,2025-08-07,SP001,A100,40.52,1,C2052,In-Store
O103032,2025-07-28,RJ001,A100,40.47,3,C5718,online
O102563,2025-07-19,MG001,C200,197.02,2,C9698,In-Store
O100624,2025-06-12,SP002,A100,44.07,2,C9189,on-line
O101944,2025-07-08,SP001,B100,79.71,3,C4080,store
O100177,2025-06-03,MG001,C100,163.02,4,C5930,marketplace
O104157,2025-08-17,SP001,A200,65.03,1,C5894,online
O103937,2025-08-13,SP001,C100,143.64,5,C6707,in_store
O103790,2025-08-10,RJ001,B100,83.75,3,C8185,online
O100970,2025-06-19,SP001,B100,76.86,1,C4939,Online
O104384,2025-08-20,RJ001,B200,111.63,4,C2995,ONLINE
O100059,2025-06-01,MG001,C100,150.29,1,C9005,store
O102207,2025-07-13,SP002,C200,209.98,4,C5889,market_place
O100279,2025-06-06,SP001,B100,78.32,2,C5118,IN_STORE
O100354,2025-06-07,RJ001,B200,134.35,2,C5781,market_place
O100072,2025-06-01,MG001,A100,39.67,4,C4681,on-line
O101298,2025-06-25,RJ001,B200,117.35,2,C2478,on-line
O100458,2025-06-09,SP001,A200,59.26,1,C6869,online
O101279,2025-06-25,SP001,A100,40.09,2,C6883,IN_STORE
O100528,2025-06-10,SP002,C100,147.75,1,C6802,market_place
O104135,2025-08-16,MG001,B100,76.99,2,C2527,Online
O100636,2025-06-12,RJ001,B100,85.17,1,C1266,market_place
O103016,2025-07-28,SP002,A200,55.27,1,C8295,online
O100746,14/06/2025,RJ001,B200,124.6,1,C1741,IN_STORE
O104992,2025-08-30,RJ001,A100,41.4,2,C6318,market_place
O100558,2025-06-10,MG001,C100,148.21,5,C9307,market_place
O100103,2025-06-02,RJ001,A100,38.54,1,C6138,marketplace
O102747,2025-07-23,SP002,C200,208.94,3,C6834,in_store
O102786,2025-07-24,SP001,C100,153.85,1,C2073,online
O101019,2025-06-20,SP001,C100,157.97,2,C3947,MarketPlace
O100040,2025-06-01,RJ001,A200,61.72,1,C9830,MarketPlace
O103104,2025-07-30,SP001,B100,76.64,1,C1782,ONLINE
O100345,2025-06-07,SP002,C200,201.23,1,C1845,store
O102732,2025-07-23,SP001,C200,190.95,4,C4700,IN_STORE
O100128,2025-06-02,MG001,C200,198.45,2,C3546,market_place
O103741,2025-08-09,MG001,A200,53.54,1,C5380,In-Store
O103646,2025-08-08,RJ001,A100,41.78,3,C7427,marketplace
O104551,2025-08-23,SP001,A100,40.36,2,C4734,MarketPlace
O100757,2025-06-14,MG001,C200,217.0,1,C8761,IN_STORE
O104413,2025-08-21,SP001,B200,123.13,1,C3955,IN_STORE
O100741,2025-06-14,RJ001,A100,40.46,4,C9108,In-Store
O100317,2025-06-06,MG001,A200,61.16,2,C3441,MarketPlace
O100297,2025-06-06,SP002,A100,39.39,4,C1878,marketplace
O103467,2025-08-05,SP001,A100,39.6,1,C6181,IN_STORE
O102703,2025-07-22,RJ001,B200,112.67,4,C4217,online
O103434,2025-08-04,RJ001,A200,65.6,3,C1618,IN_STORE
O102772,2025-07-23,MG001,C100,137.65,3,C8797,IN_STORE
O103526,2025-08-06,SP001,A100,404.5,3,C7131,MarketPlace
O101105,2025-06-21,MG001,A200,59.82,1,C1972,ONLINE
O102157,2025-07-12,RJ001,B200,116.99,4,C9027,marketplace
O104985,2025-08-30,SP002,C100,164.14,2,C3969,in_store
O102914,2025-07-26,SP002,A100,39.86,2,C1962,ONLINE
O103054,2025-07-29,SP001,A200,61.3,1,C9444,market_place
O100601,2025-06-11,MG001,A200,56.41,1,C3267,ONLINE
O103473,2025-08-05,SP002,A100,38.81,3,C9784,MarketPlace
O100959,2025-06-19,SP001,C200,204.96,3,C2354,ONLINE
O100858,2025-06-16,SP002,C100,143.94,2,C8575,Online
O102377,2025-07-16,SP002,C100,145.14,1,C1845,Online
O100557,10/06/2025,MG001,B100,77.16,2,C2479,online
O100750,2025-06-14,RJ001,B200,117.9,2,C5582,market_place
O100245,2025-06-05,SP002,C100,166.56,1,C7149,MarketPlace
O100417,2025-06-08,SP002,C200,188.6,3,C3877,store
O104492,2025-08-22,SP002,B100,87.29,2,C7517,Online
O101126,2025-06-22,SP001,B200,123.23,2,C6289,store
O103056,2025-07-29,SP001,C200,193.97,1,C8173,online
O100860,2025-06-16,SP002,B200,111.61,3,C1049,In-Store
O102316,2025-07-15,RJ001,B200,113.31,3,C6606,marketplace
O101545,2025-07-01,SP001,C100,157.47,6,,MarketPlace
O104179,2025-08-17,SP002,C100,147.42,5,C5451,marketplace
O101548,01/07/2025,SP001,A200,58.19,1,C1894,market_place
O103284,2025-08-02,SP002,A200,64.86,3,C8692,Online
O103400,2025-08-04,SP001,B100,78.07,3,C7407,IN_STORE
O101918,2025-07-07,RJ001,A200,59.55,5,C3795,MarketPlace
O100112,2025-06-02,RJ001,C200,0.0,2,C9565,marketplace
O104579,2025-08-23,RJ001,C200,2056.6,1,C9525,MarketPlace
O100743,2025-06-14,RJ001,B100,75.84,3,C1133,MarketPlace
O100928,2025-06-18,SP001,B100,77.73,3,C7223,ONLINE
O104326,2025-08-19,RJ001,B200,110.69,3,C3410,MarketPlace
O103381,2025-08-03,RJ001,B100,77.88,6,C7867,online
O104479,2025-08-22,SP001,B200,128.62,3,C7993,MarketPlace
O100399,2025-06-08,SP001,B200,125.95,2,C9955,store
O101632,2025-07-02,MG001,A100,38.78,3,C6207,market_place
O104088,2025-08-16,SP001,C200,200.38,4,C2596,marketplace
O100666,2025-06-13,SP002,B100,82.93,2,C1939,marketplace
O101679,2025-07-03,MG001,C100,145.94,3,C7456,market_place
O102478,2025-07-18,RJ001,C100,154.16,1,C2047,Online
O104800,2025-08-27,SP002,B100,79.46,2,C9552,In-Store
O102045,2025-07-10,SP002,B200,113.44,3,C1567,on-line
O103594,2025-08-07,SP002,C200,201.93,1,C4826,store
O102240,2025-07-13,MG001,A200,66.69,3,C6415,ONLINE
O104843,2025-08-27,MG001,B100,76.65,7,,IN_STORE
O100753,2025-06-14,MG001,B100,81.78,2,C6990,In-Store
O102156,2025-07-12,RJ001,A200,52.62,5,C3901,on-line
O102099,2025-07-11,RJ001,B100,86.77,3,C9814,online
O104737,26/08/2025,SP001,A200,58.9,2,C5095,IN_STORE
O103613,2025-08-07,MG001,C200,188.45,2,C9060,MarketPlace
O100697,2025-06-13,MG001,C100,148.82,1,C7708,in_store
O104136,2025-08-16,MG001,A100,37.22,1,C8166,on-line
O103791,2025-08-10,RJ001,C200,215.99,1,C3651,store
O101127,22/06/2025,SP001,B100,76.07,1,C9967,In-Store
O103330,2025-08-02,MG001,C100,138.48,2,C9011,market_place
O102031,2025-07-10,SP001,C100,161.08,1,C3931,MarketPlace
O103458,2025-08-05,SP001,B100,75.89,2,C2035,online
O103141,2025-07-30,MG001,B100,73.82,1,C1732,online
O103845,2025-08-11,SP002,C200,200.48,3,C4441,In-Store
O103440,2025-08-04,RJ001,C200,189.58,2,C3297,In-Store
O102558,2025-07-19,MG001,B200,114.53,1,C3271,IN_STORE
O103508,2025-08-05,MG001,A200,62.47,2,C3890,IN_STORE
O103012,2025-07-28,SP001,B200,117.82,1,C9824,marketplace
O102064,2025-07-10,MG001,A100,39.91,4,C1187,online
O100044,2025-06-01,RJ001,B200,117.08,2,C1771,Online
O100067,2025-06-01,MG001,C100,142.35,2,C7932,market_place
O102974,2025-07-27,SP002,C100,145.93,2,C8112,on-line
O101556,2025-07-01,SP002,B200,119.14,1,C8341,in_store
O101969,2025-07-08,MG001,B100,77.89,1,C1691,on-line
O104414,2025-08-21,SP001,C100,138.36,2,C9306,market_place
O103042,2025-07-28,MG001,A200,64.29,1,C3561,Online
O103758,2025-08-10,SP001,C200,182.01,2,C7643,Online
O103119,2025-07-30,RJ001,A100,39.83,1,C9622,store
O104972,2025-08-30,SP002,B200,120.12,3,C2290,marketplace
O101295,2025-06-25,RJ001,C100,154.14,2,C3328,MarketPlace
O100647,2025-06-12,MG001,B100,82.08,4,C9444,in_store
O101893,2025-07-07,SP001,B100,77.54,3,C9363,marketplace
O104647,2025-08-24,SP002,B100,77.63,5,C4644,Online
O100775,2025-06-15,SP001,A200,55.46,1,C8225,Online
O101685,2025-07-03,MG001,A200,59.1,2,C3971,on-line
O100619,2025-06-12,SP002,A200,62.78,1,C9647,MarketPlace
O103721,2025-08-09,RJ001,B200,122.04,4,C5055,online
O102006,2025-07-09,RJ001,B200,117.11,3,C9586,online
O103390,2025-08-03,MG001,B100,79.79,3,C8397,market_place
O100744,2025-06-14,RJ001,A100,39.77,1,C3194,In-Store
O104899,2025-08-28,MG001,A200,54.45,2,C8515,store
O104133,2025-08-16,RJ001,A100,42.26,6,C7422,MarketPlace
O104091,2025-08-16,SP001,A200,56.48,1,C7185,marketplace
O104489,2025-08-22,SP002,B200,115.88,1,C5630,ONLINE
O103425,2025-08-04,SP002,C200,212.78,1,C4559,Online
O104540,2025-08-23,SP001,B100,76.49,1,C4569,In-Store
O102191,2025-07-13,SP001,C200,213.4,1,C7874,Online
O101244,2025-06-24,SP002,B200,123.52,4,C6145,IN_STORE
O101259,2025-06-24,MG001,A200,57.21,1,C7098,IN_STORE
O101763,2025-07-05,SP002,B100,73.88,1,C6614,online
O100047,2025-06-01,RJ001,B200,120.74,1,C8668,in_store
O103217,2025-08-01,SP002,C200,198.35,5,C6783,ONLINE
O104387,2025-08-20,RJ001,B100,77.76,2,C8194,market_place
O100158,2025-06-03,RJ001,C200,206.56,4,C7548,MarketPlace
O104696,2025-08-25,SP002,A100,38.64,2,C1345,MarketPlace
O105005,2025/08/30,MG001,A100,42.7,4,C9676,online
O104380,2025-08-20,RJ001,A200,61.3,1,C2983,marketplace
O103435,2025-08-04,RJ001,A100,40.05,1,C2878,in_store
O100548,2025-06-10,MG001,B200,116.85,2,C8354,MarketPlace
O101003,2025-06-19,MG001,B100,75.01,1,C5911,store
O101192,2025/06/23,SP002,C200,203.81,3,C3684,Online
O101370,2025-06-27,SP001,C100,158.54,3,C3415,marketplace
O101810,2025-07-05,MG001,C200,211.78,1,C5685,market_place
O101680,2025-07-03,MG001,C100,162.55,2,C2394,market_place
O104597,2025-08-23,MG001,C200,212.36,2,C3947,ONLINE
O101468,2025-06-29,SP002,B200,132.83,4,C4430,in_store
O102604,2025-07-20,RJ001,B100,77.64,1,C5259,online
O100767,2025-06-14,MG001,B200,113.35,1,C6040,MarketPlace
O102521,2025-07-19,SP002,A200,57.93,3,C6343,online
O103145,2025-07-31,SP001,A200,62.28,2,,marketplace
O104532,2025-08-22,MG001,B100,77.8,1,C7465,market_place
O102862,2025-07-25,RJ001,C200,200.1,3,C9763,online
O103747,2025-08-09,MG001,B200,125.27,3,C4748,market_place
O104349,2025-08-20,SP001,A200,62.98,2,C4268,IN_STORE
O104353,2025-08-20,SP001,B200,105.32,2,C3270,on-line
O102043,2025-07-10,SP002,B200,124.21,3,C5162,market_place
O101879,2025-07-06,MG001,B200,123.12,1,C9470,on-line
O102493,2025-07-18,MG001,A100,43.96,4,C1118,Online
O103124,2025-07-30,RJ001,A200,58.38,1,C9286,online
O102994,2025-07-27,MG001,C200,196.44,3,C6143,store
O103358,2025-08-03,SP002,B100,80.82,2,C2612,Online
O100875,2025-06-16,MG001,C200,188.36,2,C9920,marketplace
O104726,2025-08-25,MG001,C100,148.04,1,C8919,IN_STORE
O100803,2025-06-15,RJ001,A100,36.07,2,C7771,on-line
O102368,2025-07-16,SP002,C100,145.43,1,C1864,In-Store
O102167,2025-07-12,RJ001,C200,205.08,1,C7347,Online
O104734,2025-08-25,MG001,C200,201.06,1,C6446,IN_STORE
O104994,2025-08-30,RJ001,C200,200.39,2,C8547,marketplace
O100454,2025-06-08,MG001,B100,75.47,2,C1046,on-line
O101494,2025-06-29,MG001,C100,140.6,1,C2771,online
O103728,2025-08-09,RJ001,A100,37.74,4,C4640,In-Store
O102276,2025-07-14,SP002,B100,74.56,2,C6228,market_place
O102889,2025/07/26,SP001,B200,122.35,3,C3980,In-Store
O101684,2025-07-03,MG001,A200,56.58,1,C5140,market_place
O101390,2025-06-27,RJ001,A100,39.5,3,C6431,In-Store
O103700,2025-08-09,SP002,C100,142.91,3,C9750,store
O102319,2025-07-15,RJ001,C200,205.1,1,C8972,market_place
O103851,2025-08-11,SP002,C100,151.04,1,C5939,IN_STORE
O100855,2025-06-16,SP002,A100,40.83,1,C8298,market_place
O102230,2025-07-13,RJ001,B200,119.07,5,C2932,MarketPlace
O103824,2025-08-11,SP001,A100,41.11,1,C7231,on-line
O103825,2025-08-11,SP001,B200,112.74,2,C6020,marketplace
O103906,2025-08-12,SP002,C200,207.95,2,C3249,marketplace
O102918,26/07/2025,SP002,C100,143.87,3,C5956,in_store
O102328,2025-07-15,RJ001,A200,61.29,2,C3444,MarketPlace
O103828,2025-08-11,SP001,B200,113.0,6,C9353,ONLINE
O100137,2025-06-03,SP001,C100,166.69,2,C8007,marketplace
O100833,2025-06-15,MG001,B200,109.76,1,C6400,IN_STORE
O104159,2025-08-17,SP001,A100,42.34,1,C6681,store
O101649,2025-07-03,SP001,B200,106.98,4,C5856,online
O104453,21/08/2025,MG001,C200,174.82,3,C2113,IN_STORE
O103336,2025-08-03,SP001,A200,58.81,1,C7125,in_store
O100826,2025-06-15,MG001,C100,147.6,2,C4164,MarketPlace
O103463,2025-08-05,SP001,C100,146.33,1,C9875,Online
O104101,2025-08-16,SP001,B200,119.46,3,C7113,store
O104152,2025-08-16,MG001,A200,63.36,1,C2649,store
O100665,2025-06-13,SP002,C200,209.77,5,C8126,In-Store
O102586,2025-07-20,SP002,C200,197.89,4,C2075,marketplace
O105038,2025-08-31,SP002,A200,56.65,3,C7046,in_store
O102091,2025-07-11,SP002,B200,123.28,3,C4825,ONLINE
O100973,2025-06-19,SP001,C200,200.84,1,C2284,MarketPlace
O101500,2025-06-30,SP001,C200,216.23,2,C1152,market_place
O104584,2025-08-23,RJ001,B100,85.6,2,C2890,market_place
O102439,17/07/2025,RJ001,B200,122.19,2,C9154,ONLINE
O101513,2025-06-30,SP002,A200,63.67,3,C1208,Online
O103190,2025-07-31,MG001,A200,57.79,1,C7116,ONLINE
O102891,2025-07-26,SP001,A100,39.34,3,C4747,online
O101795,2025-07-05,RJ001,C200,209.78,2,C3262,store
O101912,2025-07-07,RJ001,A100,34.21,1,C9584,store
O100327,2025-06-07,SP001,A100,0.0,3,C4750,ONLINE
O105004,2025-08-30,MG001,C200,202.98,1,C6657,IN_STORE
O102340,2025-07-15,MG001,A200,55.52,3,C7459,in_store
O102392,2025-07-16,RJ001,C200,190.48,4,C3740,market_place
O102042,2025-07-10,SP002,C100,142.0,2,C4504,MarketPlace
O104874,2025-08-28,RJ001,C100,151.8,1,C4054,market_place
O103952,2025-08-13,SP002,B200,130.74,2,C9144,store
O104686,2025-08-25,SP001,C200,208.26,2,C7737,In-Store
O104520,2025-08-22,MG001,B100,75.04,1,C4547,MarketPlace
O100977,2025-06-19,SP002,C100,165.92,4,C7499,MarketPlace
O103323,2025-08-02,MG001,A200,60.96,3,C7196,marketplace
O101581,2025-07-01,MG001,B200,121.32,1,C9260,IN_STORE
O101277,2025-06-25,SP001,A200,57.55,1,C9614,MarketPlace
O104010,2025-08-14,SP002,A200,59.68,1,C7400,In-Store
O104672,2025-08-24,MG001,C200,196.99,1,C6851,In-Store
O104165,2025-08-17,SP001,C100,141.72,5,C4543,ONLINE
O103606,2025-08-07,RJ001,A200,56.65,4,C4467,ONLINE
O101742,2025-07-04,MG001,C100,137.19,2,C5600,MarketPlace
O104321,2025-08-19,RJ001,B100,74.4,2,C4122,in_store
O102710,2025-07-22,RJ001,C200,206.39,3,C1479,IN_STORE
O104115,2025-08-16,SP002,B100,82.28,1,C7765,In-Store
O104915,2025-08-29,SP001,B100,78.85,3,C7956,MarketPlace
O100092,2025-06-02,SP002,A100,39.28,1,C2604,store
O101783,2025-07-05,RJ001,A100,42.47,1,C1116,market_place
O102945,2025-07-26,MG001,C100,151.57,4,C4479,MarketPlace
O103767,2025-08-10,SP002,A200,59.49,1,C6788,marketplace
O104123,2025-08-16,RJ001,B100,75.88,1,C6201,MarketPlace
O105058,2025-08-31,RJ001,B100,79.13,1,C9381,in_store
O103903,2025-08-12,SP002,A100,37.55,1,C2180,online
O104356,2025-08-20,SP001,B200,123.73,2,C8006,in_store
O100310,2025-06-06,RJ001,C200,203.75,1,C8699,market_place
O103725,2025-08-09,RJ001,C200,214.66,4,C6944,Online
O100089,2025-06-02,SP001,A200,60.63,3,C8350,MarketPlace
O104562,2025-08-23,SP002,A200,61.93,3,C6350,Online
O104425,2025-08-21,SP002,B200,109.15,1,C2014,online
O101898,2025-07-07,SP002,B200,123.88,1,C7631,market_place
O103816,2025-08-10,MG001,B200,105.6,2,C2688,market_place
O104797,2025-08-27,SP002,B100,85.85,1,C9198,IN_STORE
O102536,2025-07-19,RJ001,B100,86.32,3,C3568,MarketPlace
O102298,2025-07-15,SP001,B200,130.24,1,C4666,Online
O102211,2025-07-13,SP002,C100,148.97,2,C3906,MarketPlace
O103363,2025-08-03,SP002,A200,60.95,3,C3258,MarketPlace
O104316,2025-08-19,RJ001,A200,65.17,1,C2768,store
O104673,2025-08-24,MG001,C100,149.26,3,C5840,in_store
O101661,2025-07-03,RJ001,C100,149.15,3,C4729,ONLINE
O101787,2025-07-05,RJ001,B200,118.06,1,C2746,in_store
O103685,2025-08-09,SP001,B200,122.83,1,C9788,MarketPlace
O100338,2025-06-07,SP001,C200,0.0,2,C1601,in_store
O102306,2025-07-15,SP002,B100,81.64,2,C3087,market_place
O104288,2025-08-19,SP001,C200,178.6,1,C4909,In-Store
O103216,2025-08-01,SP001,C100,1499.6000000000001,1,C8293,Online
O100769,2025-06-14,MG001,C100,146.52,1,C5350,In-Store
O103540,2025-08-06,RJ001,C200,206.75,1,C3422,market_place
O100911,2025-06-17,RJ001,A100,43.03,1,C4555,Online
O102445,2025-07-17,MG001,B200,113.48,3,C7617,in_store
O100967,2025-06-19,SP001,A200,64.88,1,C1256,store
O103461,2025-08-05,SP001,B200,117.65,1,C2764,MarketPlace
O105063,2025-08-31,RJ001,B200,115.5,1,C6567,MarketPlace
O100965,2025-06-19,SP001,C200,178.45,1,C9897,IN_STORE
O100037,2025-06-01,SP002,A200,62.37,2,C9179,market_place
O100154,2025-06-03,RJ001,B100,77.79,1,C4728,In-Store
O100526,2025-06-10,SP002,A200,57.55,1,C7229,on-line
O102196,2025-07-13,SP001,A100,39.8,1,C9153,store
O100333,2025-06-07,SP001,C200,215.34,2,,IN_STORE
O104138,2025-08-16,MG001,A100,36.68,3,C9907,MarketPlace
O100658,2025-06-13,SP002,A100,37.61,3,C3956,store
O105062,2025-08-31,RJ001,C200,191.32,5,C7004,Online
O100576,2025-06-11,SP002,B100,76.2,3,C7421,In-Store
O103313,2025-08-02,RJ001,A200,57.41,3,C1352,on-line
O100580,2025-06-11,SP002,C200,200.83,2,C9624,market_place
O102846,2025-07-25,SP002,C200,201.26,1,C4865,MarketPlace
O103661,2025-08-08,RJ001,B200,106.7,2,C3756,market_place
O100402,2025-06-08,SP001,C200,217.17,5,C5097,store
O101384,2025-06-27,SP002,A100,41.2,2,C2654,market_place
O103471,2025-08-05,SP001,A100,39.24,1,C4580,ONLINE
O102398,2025-07-16,MG001,A200,60.36,1,C7390,in_store
O101066,2025-06-21,SP001,C100,156.81,2,C6134,MarketPlace
O103203,2025-08-01,SP001,C200,203.81,2,C5578,MarketPlace
O101637,2025-07-03,SP001,B100,84.47,3,,Online
O102514,2025-07-19,SP001,B100,80.16,2,C8424,market_place
O101972,2025-07-08,MG001,C200,194.18,1,C4255,In-Store
O104910,2025-08-29,SP001,C200,201.42,1,C8738,online
O100854,16/06/2025,SP002,C200,200.99,1,C9008,marketplace
O100160,2025-06-03,RJ001,A100,40.08,3,C5279,on-line
O104142,2025-08-16,MG001,A200,59.54,3,C4633,on-line
O104523,2025-08-22,MG001,A100,39.65,2,C7358,MarketPlace
O101888,2025-07-07,SP001,C100,150.55,1,C5222,marketplace
O100894,2025-06-17,SP001,A100,40.4,1,C3869,MarketPlace
O100817,2025-06-15,RJ001,C100,140.77,2,C2758,market_place
O105027,2025-08-31,SP001,C200,209.35,2,C2610,Online
O101326,2025-06-26,SP001,C200,203.87,1,C1788,online
O102632,2025-07-20,MG001,C100,0.0,2,C4639,market_place
O104600,2025-08-23,MG001,C100,157.59,3,C8698,MarketPlace
O100133,2025-06-03,SP001,A100,40.01,1,C7939,Online
O104848,2025-08-28,SP001,C200,198.48,1,C4041,on-line
O101460,29/06/2025,SP001,C100,149.14,2,C7768,store
O101117,2025-06-22,SP001,C200,203.71,2,C7146,in_store
O103130,2025-07-30,MG001,A100,40.53,2,C7694,marketplace
O100946,2025-06-18,RJ001,B100,69.17,1,C9228,online
O102573,2025-07-20,SP001,C100,146.52,3,C4354,market_place
O102320,2025-07-15,RJ001,A100,38.65,3,C8584,MarketPlace
O104863,2025-08-28,SP002,B100,82.8,2,C9569,market_place
O103385,2025-08-03,RJ001,C100,144.9,2,C3279,on-line
O103446,2025-08-04,MG001,C200,211.72,5,C3514,in_store
O103614,2025-08-07,MG001,A100,36.69,6,C6452,market_place
O100512,2025-06-10,SP001,C100,131.1,1,C2336,ONLINE
O100453,08/06/2025,MG001,C100,141.73,2,C4817,on-line
O102327,2025-07-15,RJ001,C100,145.06,1,C1003,market_place
O100519,10/06/2025,SP001,C100,142.4,3,C6053,market_place
O102884,2025-07-25,MG001,C100,142.44,2,C7722,MarketPlace
O104156,2025-08-17,SP001,B200,115.84,1,C8387,In-Store
O104514,2025-08-22,MG001,B200,128.34,1,C1727,In-Store
O101034,2025-06-20,RJ001,C100,156.45,1,C7547,MarketPlace
O104301,2025-08-19,SP002,A200,55.96,2,C2538,ONLINE
O102022,2025-07-10,SP001,B100,76.72,1,C7814,MarketPlace
O104066,2025-08-15,RJ001,A200,57.17,7,C4465,on-line
O102727,2025-07-22,MG001,B200,121.09,1,C5723,IN_STORE
O102660,2025-07-21,RJ001,A200,56.15,1,C5917,In-Store
O104525,2025-08-22,MG001,C100,156.98,2,C7944,store
O104895,2025-08-28,MG001,C100,136.36,3,C9586,marketplace
O101153,2025-06-22,RJ001,C100,149.13,2,C3688,marketplace
O100788,2025/06/15,SP002,A200,58.4,1,C5735,in_store
O104701,2025-08-25,SP002,A200,58.22,1,C9776,on-line
O101706,2025-07-04,SP001,C200,182.19,2,C2343,marketplace
O100392,2025-06-08,SP001,A200,61.92,4,C7751,MarketPlace
O100805,2025-06-15,RJ001,A100,37.05,1,C3252,marketplace
O102728,22/07/2025,MG001,C100,156.83,4,C1665,marketplace
O102146,2025-07-12,SP002,C100,157.7,2,C4783,online
O102837,2025-07-25,SP001,B100,72.21,1,C5882,market_place
O103876,2025-08-11,MG001,A200,62.98,3,C9741,on-line
O101057,2025-06-21,SP001,C200,199.91,5,C8080,MarketPlace
O104401,2025-08-20,MG001,A100,42.06,1,C8282,market_place
O100287,2025-06-06,SP001,B100,84.53,1,C5952,Online
O102098,2025-07-11,RJ001,B200,117.04,1,C1372,in_store
O104533,2025-08-22,MG001,A100,40.3,3,C5493,market_place
O101519,2025-06-30,RJ001,B200,116.84,2,C5327,in_store
O101731,2025-07-04,RJ001,A100,41.27,1,C9542,marketplace
O105034,2025-08-31,SP002,A200,60.67,1,C8731,marketplace
O101290,2025-06-25,RJ001,A200,63.79,1,C7363,market_place
O102114,2025-07-11,MG001,B100,87.98,1,C9709,In-Store
O100270,2025-06-05,MG001,C100,151.62,3,,online
O102396,2025-07-16,RJ001,B200,123.81,1,C8802,IN_STORE
O101044,2025-06-20,RJ001,C200,206.6,1,C6707,online
O104300,2025-08-19,SP002,A200,55.92,2,C9243,MarketPlace
O101399,2025/06/27,MG001,C100,155.49,1,C2462,MarketPlace
O102117,2025-07-11,MG001,A100,37.32,2,C9673,ONLINE
O104890,2025-08-28,MG001,A100,39.13,3,C9306,Online
O104344,2025-08-20,SP001,B200,126.59,2,C2607,in_store
O103808,2025-08-10,MG001,C100,151.7,2,C1131,marketplace
O101361,2025-06-26,MG001,A200,59.86,2,C2584,MarketPlace
O103651,2025-08-08,RJ001,C200,193.16,5,C7451,marketplace
O100335,2025-06-07,SP001,B100,74.43,2,C2713,store
O102090,2025-07-11,SP002,C100,138.04,4,,in_store
O104655,2025-08-24,RJ001,C200,190.76,6,C1130,marketplace
O102953,2025-07-27,SP001,A100,38.85,1,C8861,store
O100129,2025-06-02,MG001,B100,74.65,3,C4450,IN_STORE
O100360,2025-06-07,RJ001,B100,76.19,1,C6568,store
O101183,2025-06-23,SP001,A100,42.19,2,C4329,MarketPlace
O103893,2025-08-12,SP001,B100,791.3,3,C7479,online
O102996,2025-07-27,MG001,C200,200.92,3,C5342,IN_STORE
O104406,2025-08-20,MG001,A200,58.5,2,C9602,store
O101806,2025-07-05,MG001,C100,136.77,4,C9536,MarketPlace
O100445,2025-06-08,MG001,C200,200.4,2,C9920,in_store
O102151,2025-07-12,SP002,A200,65.23,1,C9051,in_store
O100699,2025-06-13,MG001,B100,85.63,1,C2215,market_place
O100205,2025-06-04,SP002,B200,118.78,3,C4919,marketplace
O101819,2025-07-06,SP001,A100,38.7,4,C5661,MarketPlace
O101851,2025-07-06,SP002,C100,1470.9,4,C9871,online
O100823,2025-06-15,MG001,C200,198.69,1,C5215,in_store
O102698,2025-07-22,SP002,A200,574.9,3,C3332,Online
O104853,2025-08-28,SP001,B100,79.12,1,C4130,market_place
O100695,2025-06-13,MG001,C100,137.59,4,C2077,on-line
O103028,2025-07-28,RJ001,B100,786.9,5,C7834,market_place
O101640,2025-07-03,SP001,C100,170.04,2,C8780,marketplace
O100522,2025-06-10,SP001,A200,0.0,4,C4460,store
O103101,2025-07-30,SP001,B100,83.59,1,C7926,market_place
O104094,2025-08-16,SP001,B100,75.66,1,C1265,store
O101417,2025-06-28,SP002,B100,75.79,1,C7333,on-line
O102084,2025-07-11,SP002,C200,211.8,1,C2467,market_place
O102674,2025-07-21,MG001,A200,57.31,1,C5467,Online
O104106,2025-08-16,SP002,A100,39.74,2,C2468,online
O103623,2025-08-07,MG001,C200,190.02,1,C7025,online
O101831,2025-07-06,SP001,B100,82.79,1,C8548,store
O102491,2025-07-18,MG001,A200,55.68,2,C7162,Online
O103257,2025-08-02,SP001,A200,55.2,2,C8184,online
O101343,2025-06-26,RJ001,B200,121.86,3,C9849,market_place
O102296,2025-07-15,SP001,A100,40.54,1,C6085,store
O103513,2025-08-06,SP001,B200,120.63,5,C3748,in_store
O101813,2025-07-05,MG001,C100,153.91,2,C1590,Online
O104760,2025-08-26,SP002,C100,143.75,2,C7088,in_store
O103209,2025-08-01,SP001,C100,153.78,1,C1260,In-Store
O103989,2025-08-14,SP001,C100,152.23,3,C3050,store
O102269,2025-07-14,SP002,A100,37.27,4,C6095,online
O103839,11/08/2025,SP002,B200,113.89,3,C6476,In-Store
O103447,2025-08-04,MG001,B200,110.65,1,C3915,store
O101325,2025-06-26,SP001,B100,77.64,2,C2770,in_store
O103559,2025-08-06,MG001,B200,120.84,4,C5724,marketplace
O101250,2025-06-24,RJ001,A200,57.35,1,C3430,store
O104973,2025-08-30,SP002,B100,80.63,2,C5947,market_place
O102544,2025-07-19,RJ001,C100,146.12,1,C3440,online
O104714,2025-08-25,RJ001,A100,39.04,3,C2210,online
O101947,2025-07-08,SP002,C100,159.89,3,C5458,In-Store
O101226,2025-06-24,SP001,B100,75.49,3,C7164,on-line
O104612,2025-08-24,SP001,C200,211.94,1,C5739,in_store
O100011,2025-06-01,SP001,C100,147.29,2,C1106,store
O103525,2025-08-06,SP001,A200,61.8,1,C1068,Online
O102599,2025-07-20,RJ001,C200,197.7,2,C7745,In-Store
O101291,2025-06-25,RJ001,B100,84.79,2,C3885,on-line
O102456,2025-07-18,SP001,C200,190.27,5,C5896,online
O104855,2025-08-28,SP002,B100,77.89,2,C7214,Online
O103650,2025-08-08,RJ001,B100,77.42,3,C4196,MarketPlace
O104004,2025-08-14,SP002,C200,205.66,2,C4937,online
O101923,2025-07-07,MG001,A200,60.1,1,C8480,MarketPlace
O104352,2025-08-20,SP001,C100,145.64,1,C7159,online
O104046,2025-08-15,SP001,C200,209.55,1,C1934,online
O101707,2025-07-04,SP001,B100,83.7,2,C9824,on-line
O103404,2025-08-04,SP001,A200,58.18,1,C4369,on-line
O101435,2025-06-28,RJ001,B100,80.73,3,C6327,market_place
O101014,2025-06-20,SP001,B200,128.69,2,C5775,In-Store
O103231,2025-08-01,SP002,C200,193.78,1,C3875,marketplace
O103184,2025-07-31,RJ001,B200,121.35,2,C7676,on-line
O101605,2025-07-02,SP002,C200,198.37,4,C4275,ONLINE
O102217,2025-07-13,SP002,A100,39.5,4,C5496,marketplace
O103464,2025-08-05,SP001,B200,125.78,1,C2979,IN_STORE
O103849,2025-08-11,SP002,A200,59.83,2,C8303,MarketPlace
O100732,2025/06/14,SP002,A100,41.1,1,C7293,store
O102887,2025-07-26,SP001,A200,58.91,1,C6367,MarketPlace
O101503,2025-06-30,SP002,C100,157.64,1,C3247,market_place
O102335,2025-07-15,MG001,C100,135.91,2,C7622,MarketPlace
O100267,2025-06-05,MG001,C100,153.84,2,C9464,online
O104861,2025-08-28,SP002,B100,76.97,3,C9026,ONLINE
O104374,2025-08-20,RJ001,A200,60.38,1,C9115,MarketPlace
O101236,2025-06-24,SP002,A100,36.85,1,C2020,marketplace
O100211,2025-06-04,RJ001,C200,201.55,2,C4505,online
O103766,2025-08-10,SP002,A200,60.82,1,C7013,online
O101168,2025-06-22,MG001,A100,40.8,1,C9185,ONLINE
O100407,2025-06-08,SP002,A100,37.94,2,C7484,market_place
O104361,2025-08-20,SP002,C100,154.55,1,C7113,market_place
O104654,2025-08-24,RJ001,A200,60.89,2,C1583,marketplace
O104516,2025-08-22,MG001,A200,56.04,6,C8062,market_place
O101241,2025-06-24,SP002,A200,59.46,1,C4321,Online
O103943,2025-08-13,SP001,B200,117.58,3,C8838,marketplace
O103204,2025-08-01,SP001,B200,118.75,1,C9270,ONLINE
O101313,2025-06-25,MG001,B200,117.55,3,C5825,store
O100139,2025-06-03,SP001,A100,41.6,3,C3442,marketplace
O102668,2025-07-21,RJ001,B100,77.48,1,C8799,market_place
O103095,2025-07-30,SP001,C100,161.26,1,C5651,MarketPlace
O104173,2025-08-17,SP001,B200,112.63,2,C7552,market_place
O104121,2025-08-16,RJ001,A100,37.91,1,C1535,in_store
O101079,2025-06-21,SP002,C200,196.89,4,C3838,market_place
O100017,2025-06-01,SP001,A100,41.06,2,C8527,MarketPlace
O104976,2025-08-30,SP002,C200,211.63,1,C2298,marketplace
O104536,2025-08-23,SP001,A100,38.8,2,C6259,store
O103995,2025-08-14,SP001,B200,114.34,1,C1895,Online
O104483,2025-08-22,SP001,B200,112.61,5,C4902,online
O103418,2025-08-04,SP002,B200,120.55,1,C3942,Online
O102133,2025-07-12,SP001,C100,0.0,4,C4314,MarketPlace
O100336,2025-06-07,SP001,A200,54.48,5,C7744,store
O104295,2025-08-19,SP001,C200,184.38,2,C6769,ONLINE
O102129,2025-07-12,SP001,B200,122.38,2,,ONLINE
O102193,2025-07-13,SP001,B100,74.71,1,C3960,marketplace
O101504,2025-06-30,SP002,B200,115.99,1,C9381,Online
O100843,2025-06-16,SP001,A200,54.16,3,C7121,In-Store
O102248,2025-07-13,MG001,A200,61.84,3,C6434,marketplace
O102912,2025-07-26,SP002,C200,188.22,2,C7283,Online
O103281,2025-08-02,SP002,B100,82.8,1,C8140,marketplace
O101176,2025-06-23,SP001,B100,78.11,2,C1652,on-line
O102969,2025-07-27,SP002,B100,74.09,1,C2574,marketplace
O103867,2025-08-11,RJ001,C100,0.0,4,C7567,In-Store
O100515,2025-06-10,SP001,B200,110.63,2,C4531,IN_STORE
O104491,2025-08-22,SP002,C100,147.29,2,C5001,MarketPlace
O103771,2025-08-10,SP002,C100,144.85,2,C5752,on-line
O103262,2025-08-02,SP001,A200,58.53,1,C8240,online
O102761,2025-07-23,RJ001,C100,146.8,1,C9856,in_store
O101146,2025-06-22,SP002,A100,36.92,3,C3165,store
O102504,2025-07-19,SP001,A100,40.54,1,C2567,marketplace
O103523,2025-08-06,SP001,A100,39.13,4,C3238,in_store
O103760,2025-08-10,SP001,C200,210.18,1,C7962,on-line
O102686,2025-07-21,MG001,B200,120.97,3,C6575,IN_STORE
O104447,2025-08-21,RJ001,C100,1475.6,3,C3083,on-line
O103932,2025-08-13,SP001,A100,40.08,1,C3475,marketplace
O100405,2025-06-08,SP001,A200,59.7,1,C6881,in_store
O101246,2025-06-24,SP002,B100,85.34,2,C8404,Online
O102679,2025-07-21,MG001,A100,39.11,1,C3738,marketplace
O102659,2025-07-21,SP002,A200,59.48,1,C1040,online
O103017,2025-07-28,SP002,B200,121.11,2,C1321,store
O102519,2025-07-19,SP002,C200,2052.6,4,C6340,In-Store
O101067,2025-06-21,SP001,C100,156.42,3,C7431,store
O102382,2025-07-16,RJ001,C100,141.52,2,C5509,IN_STORE
O104252,2025-08-18,SP002,A200,58.06,1,C7317,In-Store
O101160,2025-06-22,RJ001,A200,54.8,1,C5537,online
O100001,2025-06-01,SP001,C200,1966.6999999999998,1,C1409,on-line
O101554,2025-07-01,SP002,A200,60.59,1,C7203,MarketPlace
O102875,2025-07-25,MG001,C200,203.76,4,C8426,In-Store
O103924,2025-08-12,MG001,A200,53.16,1,C7314,IN_STORE
O101479,2025-06-29,RJ001,B100,77.98,2,C2682,online
O101222,2025-06-24,SP001,A200,58.77,1,C9954,MarketPlace
O101656,03/07/2025,SP002,A200,55.95,1,C8130,MarketPlace
O103543,2025-08-06,RJ001,A200,58.32,1,C3644,market_place
O102345,2025-07-15,MG001,C100,136.95,1,C6902,in_store
O101687,2025-07-03,MG001,C100,148.19,2,C2198,In-Store
O104345,2025-08-20,SP001,B100,75.73,4,C6091,In-Store
O102312,2025-07-15,SP002,A200,57.31,4,C4992,MarketPlace
O103726,2025-08-09,RJ001,B100,77.81,1,C3397,IN_STORE
O100978,2025-06-19,SP002,B100,77.4,3,C5478,online
O104068,2025-08-15,RJ001,B100,77.13,2,C3885,IN_STORE
O103806,2025-08-10,MG001,C200,187.09,1,C1852,on-line
O103059,2025-07-29,SP001,C100,145.86,2,C9311,on-line
O101565,2025-07-01,SP002,B100,76.2,3,C1889,In-Store
O104825,2025-08-27,RJ001,A100,39.02,1,C7054,ONLINE
O103213,2025-08-01,SP001,B200,120.8,5,C9011,marketplace
O102365,2025-07-16,SP002,A100,42.86,1,C2449,MarketPlace
O100877,2025-06-16,MG001,A200,59.94,1,C8546,ONLINE
O103675,2025-08-08,MG001,A100,34.32,2,C2999,online
O101208,2025-06-23,RJ001,B100,79.72,2,C3458,store
O102654,2025-07-21,SP002,C200,193.2,3,C3243,market_place
O103386,2025-08-03,MG001,A200,57.18,2,C7404,store
O104637,2025-08-24,SP002,A100,36.6,1,C1651,market_place
O102337,2025-07-15,MG001,B100,75.49,1,C1870,MarketPlace
O104660,2025-08-24,RJ001,B100,79.61,2,C4253,ONLINE
O102869,2025-07-25,RJ001,B100,71.19,1,C9055,on-line
O101405,28/06/2025,SP001,B200,124.17,1,C9589,ONLINE
O104770,2025-08-26,RJ001,A100,40.42,3,C6109,on-line
O100734,2025-06-14,SP002,A200,65.16,2,C6123,IN_STORE
O100013,2025-06-01,SP001,B100,81.92,1,C3547,in_store
O101329,2025-06-26,SP001,B200,119.33,2,C9946,In-Store
O100914,2025-06-17,MG001,A200,54.79,3,C2922,market_place
O100802,2025-06-15,RJ001,A200,57.36,1,C4814,marketplace
O103503,2025-08-05,MG001,A200,60.91,2,C2503,ONLINE
O100731,2025-06-14,SP002,A200,54.82,1,C2586,ONLINE
O103538,2025-08-06,SP002,A200,60.72,1,C1565,IN_STORE
O101779,2025-07-05,SP002,B200,119.17,2,C5170,Online
O103307,2025-08-02,RJ001,A200,57.11,1,C8215,IN_STORE
O101297,2025-06-25,RJ001,C100,144.73,1,C3876,IN_STORE
O101101,2025-06-21,MG001,B200,122.32,1,C4882,online
O100400,2025-06-08,SP001,A200,56.45,5,C8237,online
O100041,2025-06-01,RJ001,B100,72.87,1,C8019,market_place
O104224,2025-08-17,MG001,B100,78.49,7,C8138,marketplace
O101215,2025-06-23,MG001,A100,39.26,1,C2129,store
O101271,2025-06-25,SP001,B200,117.08,4,C1567,Online
O103629,2025-08-08,SP001,C100,150.9,4,C4639,market_place
O101348,2025-06-26,RJ001,A100,38.94,3,C2435,store
O102485,2025-07-18,RJ001,A100,43.57,1,C3841,marketplace
O101953,2025-07-08,SP002,C200,212.99,2,C1134,in_store
O101193,2025-06-23,SP002,B200,118.64,1,C9568,store
O105076,2025-08-31,MG001,C200,201.78,3,C5992,online
O103207,2025-08-01,SP001,B100,80.78,4,C6269,ONLINE
O104990,2025-08-30,RJ001,C100,158.17,2,C6212,MarketPlace
O103631,2025-08-08,SP001,C100,144.48,2,C6176,store
O105083,2025-08-31,MG001,A200,53.04,3,C1197,MarketPlace
O101142,2025-06-22,SP002,A200,53.46,1,C2276,IN_STORE
O101262,2025-06-24,MG001,A100,41.79,2,C2056,on-line
O103507,2025-08-05,MG001,B100,82.22,2,C4236,ONLINE
O102897,2025-07-26,SP001,C100,153.82,2,C1231,on-line
O103680,2025-08-09,SP001,B200,124.02,1,C8105,marketplace
O101228,2025-06-24,SP001,A100,38.71,1,C9680,ONLINE
O101477,2025-06-29,RJ001,C200,183.25,1,C5076,market_place
O100406,2025-06-08,SP001,C100,145.61,1,C5837,in_store
O104564,2025-08-23,SP002,B200,121.32,3,C7139,marketplace
O101900,2025-07-07,SP002,B100,71.9,1,C6136,Online
O104113,2025-08-16,SP002,C100,142.61,2,C2875,store
O104009,2025-08-14,SP002,B100,78.69,2,C9195,store
O101182,2025-06-23,SP001,B100,82.5,3,C6077,Online
O105041,2025-08-31,SP002,B100,81.52,3,C5800,Online
O103322,2025-08-02,MG001,A200,55.82,1,C4107,online
O102265,2025-07-14,SP001,B100,82.4,2,C3347,In-Store
O100972,2025-06-19,SP001,B100,77.58,4,C3292,store
O101870,2025-07-06,MG001,A200,57.24,1,C7099,IN_STORE
O102249,2025-07-13,MG001,B100,83.14,1,C3446,Online
O105079,2025-08-31,MG001,C200,201.6,2,C3106,MarketPlace
O102501,2025-07-19,SP001,C100,157.25,4,C5934,on-line
O103801,2025-08-10,MG001,B100,79.22,1,C9222,IN_STORE
O101447,2025-06-28,MG001,B100,82.11,5,C3967,on-line
O103450,04/08/2025,MG001,B200,114.76,6,C1782,market_place
O103416,2025-08-04,SP002,C200,197.99,2,C5873,marketplace
O100101,2025-06-02,SP002,A200,62.41,4,C5861,ONLINE
O104519,2025-08-22,MG001,A100,42.65,4,C6508,market_place
O100369,2025-06-07,MG001,A200,56.79,1,C1715,in_store
O104923,2025-08-29,SP002,A100,42.24,5,C4769,MarketPlace
O103013,2025-07-28,SP001,A200,61.77,3,C5930,on-line
O102362,2025-07-16,SP001,C100,161.56,1,C2311,In-Store
O102141,2025-07-12,SP002,B100,83.59,1,C5485,in_store
O101973,2025-07-08,MG001,B100,71.81,2,C4568,online
O103453,2025-08-05,SP001,B200,110.84,2,C1076,ONLINE
O100014,2025-06-01,SP001,A200,59.51,1,C2674,store
O104783,2025-08-26,MG001,A100,38.43,4,C3497,market_place
O104541,2025-08-23,SP001,B200,116.45,4,C2303,online
O101653,2025-07-03,SP002,A100,38.65,1,C2072,market_place
O102964,2025-07-27,SP002,A200,55.33,1,C7592,in_store
O103183,2025-07-31,RJ001,C100,137.26,1,C2072,in_store
O103020,2025-07-28,SP002,A100,0.0,1,C1129,In-Store
O101322,2025-06-26,SP001,C200,185.28,3,C6500,online
O102314,2025-07-15,SP002,B200,115.34,2,C6582,ONLINE
O104510,2025-08-22,RJ001,B100,77.38,1,C7294,in_store
O103990,2025-08-14,SP001,C200,188.7,1,C7560,on-line
O101199,2025-06-23,SP002,B100,76.64,2,C2262,marketplace
O105065,2025-08-31,RJ001,A200,60.98,1,C2591,In-Store
O100498,2025-06-09,MG001,B100,77.97,4,C4705,market_place
O103902,2025-08-12,SP002,A200,56.78,3,C4077,in_store
O101433,2025-06-28,RJ001,B100,75.29,3,C2771,market_place
O104042,2025/08/15,SP001,B200,121.03,3,C9396,store
O104991,2025-08-30,RJ001,A100,38.95,3,C4683,online
O103181,2025-07-31,RJ001,B200,121.9,5,C5412,Online
O102860,2025-07-25,SP002,B100,79.76,2,C7302,MarketPlace
O104712,2025-08-25,RJ001,B200,125.02,3,C7565,marketplace
O100926,2025-06-18,SP001,A100,42.39,1,C7841,store
O102185,2025-07-12,MG001,C100,148.68,1,C7292,marketplace
O100597,2025-06-11,MG001,B200,116.79,2,C7026,online
O102408,2025-07-17,SP001,B200,104.48,1,C4961,MarketPlace
O101276,2025-06-25,SP001,B200,126.01,2,C7868,ONLINE
O102016,2025-07-09,MG001,C200,210.58,3,C9615,IN_STORE
O100209,2025-06-04,RJ001,C100,136.86,3,C3267,on-line
O102678,2025-07-21,MG001,C100,160.52,3,C4002,Online
O103010,2025-07-28,SP001,A100,35.97,2,C8882,ONLINE
O104187,2025/08/17,SP002,B100,78.92,2,C1490,store
O103520,2025-08-06,SP001,B100,81.63,3,C8596,In-Store
O103179,2025-07-31,RJ001,A200,58.43,2,C4874,market_place
O104938,2025-08-29,RJ001,C200,183.41,2,C1189,store
O103258,2025-08-02,SP001,A100,42.4,2,C8314,MarketPlace
O102773,2025-07-23,MG001,C100,153.19,2,C9301,ONLINE
O101070,2025-06-21,SP001,C200,190.76,4,C5873,marketplace
O104127,2025-08-16,RJ001,A100,35.4,2,C8030,market_place
O104867,2025-08-28,SP002,C200,169.17,2,C6683,store
O101202,2025-06-23,RJ001,C100,156.27,1,C7024,Online
O100694,2025-06-13,MG001,B200,121.03,1,,market_place
O104262,2025-08-18,RJ001,C200,214.47,1,C8416,marketplace
O104629,2025-08-24,SP001,A100,37.59,4,C5666,IN_STORE
O101875,2025-07-06,MG001,A200,58.55,1,C8081,MarketPlace
O104256,2025-08-18,SP002,A200,59.35,1,C6032,MarketPlace
O100715,2025-06-14,SP001,A100,39.34,1,C5336,on-line
O100411,2025-06-08,SP002,A200,60.79,1,C4115,MarketPlace
O102850,2025-07-25,SP002,B100,82.01,1,C1916,MarketPlace
O103392,2025-08-03,MG001,A200,61.17,2,C3910,Online
O102307,2025-07-15,SP002,C100,151.32,3,C7646,ONLINE
O102636,2025-07-21,SP001,C100,149.97,5,C4185,in_store
O103303,2025-08-02,RJ001,C200,192.73,5,C4363,store
O101402,2025-06-28,SP001,C100,1389.4,1,C1920,In-Store
O104331,2025-08-19,MG001,B200,120.26,2,C4560,on-line
O100555,2025-06-10,MG001,B100,78.19,4,C8404,IN_STORE
O103146,2025-07-31,SP001,B200,123.49,1,C8357,MarketPlace
O101213,2025-06-23,MG001,A100,41.59,1,C1862,MarketPlace
O102615,20/07/2025,MG001,C200,208.35,1,C6633,in_store
O103304,2025-08-02,RJ001,B200,109.66,4,C1110,online
O101496,2025-06-29,MG001,C200,216.92,1,C7828,ONLINE
O101857,2025-07-06,RJ001,A100,39.17,4,C7933,market_place
O104334,2025-08-19,MG001,A100,40.22,2,C6771,store
O101727,2025-07-04,RJ001,A100,39.65,3,C4387,marketplace
O103586,2025-08-07,SP002,C200,199.3,2,C1420,Online
O103241,2025/08/01,MG001,B100,76.16,3,C9491,online
O102716,2025-07-22,MG001,C100,145.92,3,C4138,online
O102344,2025-07-15,MG001,B200,129.9,1,C4083,online
O102455,2025-07-18,SP001,C100,146.64,1,C7294,Online
O100862,2025-06-16,SP002,A100,39.3,2,C6644,IN_STORE
O103862,2025-08-11,RJ001,A100,41.42,1,C1996,marketplace
O103705,2025-08-09,SP002,C200,210.1,1,C4884,ONLINE
O102988,2025-07-27,RJ001,A100,39.39,3,C5151,In-Store
O102409,2025-07-17,SP001,C200,207.23,5,C4193,MarketPlace
O100118,2025-06-02,MG001,A100,38.7,8,C2638,In-Store
O102857,2025-07-25,SP002,A100,37.52,1,C1570,marketplace
O101549,2025-07-01,SP001,A100,39.43,3,C3571,MarketPlace
O100675,2025-06-13,SP002,A100,41.28,2,C3255,MarketPlace
O100992,2025-06-19,RJ001,B200,118.19,2,C1430,ONLINE
O100790,2025-06-15,SP002,B100,77.22,4,C6714,In-Store
O100976,2025-06-19,SP002,A200,54.91,4,C6580,Online
O101911,2025-07-07,RJ001,B200,125.23,4,C1881,marketplace
O101311,2025-06-25,MG001,A200,57.41,3,C6846,market_place
O104292,2025-08-19,SP001,C200,193.33,1,C8011,in_store
O101747,2025-07-05,SP001,B200,107.3,1,C8844,MarketPlace
O104248,2025-08-18,SP002,A200,63.84,4,C9644,MarketPlace
O100175,2025-06-03,MG001,B200,120.07,1,C7211,MarketPlace
O104868,2025-08-28,SP002,C200,194.97,1,C5729,marketplace
O104098,2025-08-16,SP001,B200,116.11,3,C6770,IN_STORE
O100863,2025-06-16,SP002,C200,209.77,3,C9866,on-line
O101178,2025-06-23,SP001,B100,80.65,4,C9209,MarketPlace
O102539,2025-07-19,RJ001,A100,37.59,3,C9548,store
O101904,2025-07-07,SP002,C200,205.51,1,C9535,MarketPlace
O102412,2025-07-17,SP001,C200,185.36,4,C2113,on-line
O101558,2025-07-01,SP002,B100,73.87,4,C9148,ONLINE
O100125,2025-06-02,MG001,A100,42.01,3,C5905,MarketPlace
O100818,2025-06-15,RJ001,B100,79.87,1,C8444,store
O101608,2025-07-02,SP002,A100,41.39,1,C5835,marketplace
O104395,2025-08-20,RJ001,C200,217.29,3,C7409,IN_STORE
O102713,2025-07-22,RJ001,A200,52.73,4,C4962,MarketPlace
O104240,2025-08-18,SP001,B100,73.73,4,C2356,MarketPlace
O105015,2025-08-31,SP001,A200,54.39,1,C5740,online
O100359,2025/06/07,RJ001,C200,188.05,1,C2143,Online
O103655,2025-08-08,RJ001,C100,142.33,5,C8239,online
O104727,2025-08-25,MG001,B100,87.04,1,C9736,market_place
O101170,2025-06-22,MG001,C100,144.29,2,C6916,Online
O103811,2025-08-10,MG001,B200,122.03,1,C3498,online
O102814,2025-07-24,SP002,A200,60.49,2,C9457,ONLINE
O101838,2025-07-06,SP001,C200,200.11,1,C5067,IN_STORE
O100404,2025-06-08,SP001,B200,120.0,3,C2747,IN_STORE
O102407,2025-07-17,SP001,A100,40.4,2,C7408,store
O104223,2025-08-17,MG001,A100,41.03,4,C2722,on-line
O103782,2025-08-10,RJ001,A100,39.43,7,C9061,store
O104457,2025-08-21,MG001,B100,79.85,3,C1928,IN_STORE
O102526,2025-07-19,SP002,A100,41.17,1,,store
O104824,2025-08-27,RJ001,C200,213.25,2,C9938,marketplace
O102878,2025-07-25,MG001,C200,195.49,1,C3229,IN_STORE
O104929,2025-08-29,SP002,B100,84.72,4,C8875,store
O104013,2025-08-14,RJ001,B100,78.07,2,C9250,in_store
O104081,2025-08-15,MG001,A100,38.59,3,C3369,marketplace
O103628,2025-08-08,SP001,B100,78.32,2,C3069,store
O100552,2025-06-10,MG001,B200,119.85,1,C5961,marketplace
O104832,2025-08-27,MG001,B100,78.41,6,C1273,on-line
O103361,2025-08-03,SP002,B100,79.26,1,C6394,online
O102764,2025-07-23,RJ001,B200,123.03,4,C7165,IN_STORE
O101260,2025-06-24,MG001,C200,194.98,4,C2376,market_place
O104957,2025-08-30,SP001,B100,80.26,2,C7833,in_store
O102397,2025-07-16,MG001,B100,82.11,4,C9724,store
O101595,2025-07-02,SP001,A200,60.3,2,C5760,Online
O103552,2025-08-06,MG001,C200,211.07,5,C2790,Online
O101852,2025-07-06,SP002,A100,37.23,2,C7081,store
O103401,2025-08-04,SP001,A200,57.24,1,C3115,online
O103496,2025-08-05,RJ001,C100,138.97,1,C5068,Online
O101602,2025-07-02,SP002,B100,77.6,3,C1209,IN_STORE
O101732,2025-07-04,RJ001,C200,1775.6999999999998,1,C5314,In-Store
O103815,2025-08-10,MG001,C200,195.54,1,C4250,In-Store
O100443,08/06/2025,MG001,A200,62.38,2,C8285,store
O102784,2025-07-23,MG001,A100,37.72,1,C5001,marketplace
O104351,2025-08-20,SP001,B100,76.24,2,C8555,MarketPlace
O100966,2025-06-19,SP001,C100,143.89,3,C1539,marketplace
O103615,07/08/2025,MG001,A200,62.95,3,C2059,MarketPlace
O101985,2025-07-09,SP001,C200,199.22,1,C2759,MarketPlace
O103891,2025-08-12,SP001,C200,203.59,1,C4377,IN_STORE
O103677,2025-08-08,MG001,A200,59.96,1,C8856,Online
O102074,2025-07-11,SP001,A200,56.25,2,C2352,IN_STORE
O105000,2025-08-30,RJ001,C200,194.43,3,C4451,store
O100393,2025-06-08,SP001,C100,144.7,1,C3950,marketplace
O101863,2025-07-06,RJ001,A100,41.04,2,C4452,marketplace
O104788,2025-08-27,SP001,B100,76.33,3,C5542,MarketPlace
O101535,2025-06-30,MG001,C100,157.08,3,C8178,in_store
O102072,2025-07-11,SP001,A100,41.1,1,C8076,ONLINE
O101812,2025-07-05,MG001,C100,151.69,3,C4795,market_place
O100477,2025-06-09,SP002,A100,40.49,1,C2874,market_place
O102967,2025-07-27,SP002,B200,114.39,1,C6080,marketplace
O104404,2025-08-20,MG001,B100,77.95,2,C3593,online
O103291,2025/08/02,SP002,C200,198.03,1,C2120,Online
O104017,2025-08-14,RJ001,B100,71.25,3,C3482,Online
O100086,2025-06-02,SP001,C200,192.8,2,C2612,on-line
O101709,2025-07-04,SP001,C200,197.49,1,C1305,Online
O100178,2025-06-03,MG001,B200,127.01,1,C1006,MarketPlace
O100739,2025-06-14,RJ001,B200,0.0,2,C4524,Online
O102898,2025-07-26,SP001,C200,200.65,1,C8129,MarketPlace
O101396,2025-06-27,MG001,A200,60.74,1,C5923,on-line
O103667,2025-08-08,MG001,A200,60.35,3,C2946,online
O100218,2025-06-04,MG001,B200,118.43,1,C9818,store
O102870,2025-07-25,RJ001,B200,116.05,2,C7765,MarketPlace
O102576,2025-07-20,SP001,C200,198.75,2,C4437,MarketPlace
O104918,2025-08-29,SP002,C200,203.61,4,C1440,market_place
O103591,2025-08-07,SP002,A100,39.19,4,C6278,marketplace
O100883,2025-06-17,SP001,C100,150.13,3,C8314,on-line
O103286,2025-08-02,SP002,B100,78.44,1,C1132,in_store
O102590,20/07/2025,SP002,A200,59.72,2,C2835,IN_STORE
O103624,2025-08-07,MG001,A200,58.02,1,C7229,IN_STORE
O101746,05/07/2025,SP001,B100,73.05,1,C2856,market_place
O103868,2025-08-11,RJ001,C100,149.57,1,C4390,In-Store
O100685,13/06/2025,RJ001,B200,128.01,2,C8292,on-line
O104473,2025-08-22,SP001,B200,122.26,3,C5971,In-Store
O104921,2025-08-29,SP002,B100,80.01,2,C1026,market_place
O100791,2025-06-15,SP002,C100,153.69,3,C5480,marketplace
O102551,2025-07-19,RJ001,A100,41.36,3,C1203,market_place
O105021,31/08/2025,SP001,C100,160.54,2,C9724,market_place
O105055,2025-08-31,RJ001,C200,206.22,3,C8184,online
O100637,2025-06-12,RJ001,B100,81.44,2,C6649,online
O104606,2025-08-23,MG001,A200,57.35,4,C4955,IN_STORE
O100395,2025-06-08,SP001,C100,137.98,1,C4945,In-Store
O104259,2025-08-18,RJ001,C200,186.43,1,C4941,on-line
O102429,2025-07-17,SP002,B200,124.99,2,C1984,store
O103529,2025-08-06,SP002,B200,116.13,1,C6043,in_store
O103568,2025-08-07,SP001,C200,196.13,1,C2789,market_place
O100124,2025-06-02,MG001,C100,155.54,1,C9666,marketplace
O100532,2025-06-10,SP002,C100,149.81,1,C7843,store
O101314,2025-06-26,SP001,A200,60.28,1,C1029,on-line
O100664,13/06/2025,SP002,B100,73.06,2,C1693,in_store
O102867,2025-07-25,RJ001,B200,118.78,3,C6196,MarketPlace
O101315,2025-06-26,SP001,C200,193.96,1,C7415,MarketPlace
O104183,2025/08/17,SP002,B100,74.44,2,C2052,marketplace
O103084,2025-07-29,MG001,C200,0.0,3,C5986,market_place
O102440,17/07/2025,RJ001,A200,62.57,3,C1014,marketplace
O102601,2025-07-20,RJ001,B200,116.28,1,C9686,market_place
O102608,2025-07-20,RJ001,A200,58.05,3,C3634,market_place
O104503,2025-08-22,RJ001,B100,80.6,3,C4335,Online
O103178,2025-07-31,RJ001,A100,43.37,3,C4318,ONLINE
O100533,2025-06-10,SP002,B100,89.58,1,C7636,ONLINE
O102302,2025-07-15,SP001,B100,84.25,2,C8987,in_store
O100617,2025-06-12,SP001,C100,153.0,1,C2298,Online
O101681,2025-07-03,MG001,B100,80.15,1,C6633,Online
O102702,2025-07-22,SP002,A100,39.64,2,C8934,Online
O100370,2025-06-07,MG001,B100,79.89,3,C8749,market_place
O101366,2025-06-27,SP001,C200,190.78,1,C4860,IN_STORE
O101187,2025-06-23,SP001,C200,208.53,1,C1948,online
O101487,2025-06-29,RJ001,A100,39.05,4,C4675,online
O100495,2025-06-09,RJ001,A200,53.97,4,C8900,ONLINE
O100848,2025-06-16,SP001,C200,216.39,2,C2279,store
O102405,2025-07-16,MG001,B200,122.67,2,C5466,MarketPlace
O102895,2025-07-26,SP001,C100,149.93,3,C3445,in_store
O103221,2025-08-01,SP002,A200,58.1,2,C1153,In-Store
O104277,2025-08-18,MG001,A100,39.17,1,C5361,on-line
O105044,2025-08-31,SP002,A200,60.27,2,C8268,market_place
O103803,2025-08-10,MG001,A200,60.56,1,C2767,Online
O103105,2025-07-30,SP002,C200,190.33,2,C8352,Online
O100460,2025-06-09,SP001,A100,37.4,3,,on-line
O100226,2025-06-05,SP001,A100,40.17,5,C1444,In-Store
O103037,2025-07-28,MG001,A200,61.75,2,C7395,In-Store
O104417,2025-08-21,SP001,C100,148.23,2,C6703,market_place
O104690,2025-08-25,SP001,B100,76.54,4,,market_place
O103295,2025-08-02,SP002,C100,146.37,4,C6499,market_place
O103118,2025-07-30,RJ001,B200,121.04,1,C8309,Online
O100796,2025-06-15,SP002,B100,76.22,1,C5201,IN_STORE
O103596,2025-08-07,SP002,C200,207.51,2,C2333,market_place
O103872,2025-08-11,MG001,C200,214.09,3,C9602,marketplace
O104077,2025-08-15,MG001,B200,111.44,1,C9773,store
O104704,2025-08-25,SP002,B100,76.92,4,C4532,store
O101720,2025-07-04,SP002,C200,190.07,1,C3717,Online
O100233,2025-06-05,SP001,A100,40.06,5,C1317,In-Store
O103620,2025-08-07,MG001,A100,41.76,4,C2436,in_store
O103647,2025-08-08,RJ001,B100,82.73,4,C8756,store
O102880,2025-07-25,MG001,C200,196.73,4,C6140,store
O100747,2025-06-14,RJ001,B200,126.14,3,C4189,online
O102331,2025-07-15,RJ001,A200,62.4,3,C6187,Online
O103951,2025-08-13,SP002,A200,61.25,2,C5028,MarketPlace
O103536,2025-08-06,SP002,C200,200.48,4,C7313,ONLINE
O100507,2025-06-10,SP001,A200,51.03,2,C7878,store
O104323,2025/08/19,RJ001,C200,196.2,2,C3014,store
O101950,2025-07-08,SP002,A200,58.76,3,C9764,on-line
O100384,2025-06-07,MG001,C100,153.47,1,C2121,ONLINE
O103676,2025-08-08,MG001,B200,119.54,5,C9351,MarketPlace
O101393,2025-06-27,RJ001,B100,79.98,1,C6535,ONLINE
O100831,2025-06-15,MG001,B100,70.77,1,C1111,Online
O104200,2025-08-17,RJ001,C100,147.9,1,C7909,MarketPlace
O101391,2025-06-27,RJ001,C200,204.85,2,C1807,ONLINE
O102990,2025-07-27,RJ001,C100,147.32,3,C2866,online
O101703,2025-07-04,SP001,B200,104.7,4,C8296,In-Store
O101881,2025-07-06,MG001,B200,127.37,1,C5111,In-Store
O101484,2025-06-29,RJ001,B100,80.68,3,C3192,in_store
O100374,2025-06-07,MG001,C100,140.57,1,C6439,market_place
O104847,2025-08-28,SP001,A100,38.07,2,C3990,Online
O101702,2025-07-04,SP001,C200,189.94,2,C6432,marketplace
O101112,2025-06-22,SP001,B100,80.95,3,C3078,marketplace
O102717,2025-07-22,MG001,B100,75.34,5,C9800,Online
O102358,2025-07-16,SP001,C200,200.39,4,,market_place
O101955,2025-07-08,SP002,A100,36.49,2,C4558,In-Store
O100566,2025-06-11,SP001,A200,58.29,1,C8172,marketplace
O101113,2025-06-22,SP001,C200,187.96,1,C5090,on-line
O104446,2025-08-21,RJ001,C200,195.43,1,,In-Store
O102340,2025-07-15,MG001,A200,55.52,3,C7459,IN_STORE
O101454,2025-06-29,SP001,B100,87.13,1,C5269,in_store
O102442,2025-07-17,MG001,B100,76.51,3,C6403,Online
O102589,2025-07-20,SP002,B100,78.14,1,C2791,ONLINE
O104083,2025-08-15,MG001,A100,41.4,6,C8514,online
O100371,2025-06-07,MG001,C200,188.35,1,C7325,In-Store
O101058,21/06/2025,SP001,B200,129.75,4,C4232,online
O100673,2025-06-13,SP002,C100,150.82,1,C8371,ONLINE
O102399,2025-07-16,MG001,B200,119.89,3,C3378,In-Store
O104750,2025-08-26,SP001,A100,39.25,1,C2269,IN_STORE
O104047,2025-08-15,SP002,C200,203.85,3,C1130,online
O100535,2025-06-10,RJ001,C100,155.37,4,C6928,IN_STORE
O100857,2025-06-16,SP002,C100,150.11,1,C8484,In-Store
O102413,2025-07-17,SP001,A100,40.78,5,C2600,In-Store
O102633,2025-07-20,MG001,B100,74.57,1,C1369,online
O102628,2025-07-20,MG001,B100,80.55,1,C7580,online
O102605,2025-07-20,RJ001,A200,63.52,1,C7093,in_store
O101979,2025-07-08,MG001,C200,201.92,1,C3539,marketplace
O103772,2025-08-10,SP002,B100,81.04,3,C5809,In-Store
O103412,2025-08-04,SP001,C100,155.27,2,C9043,IN_STORE
O100191,2025-06-04,SP001,C200,211.4,1,C7291,market_place
O102168,2025-07-12,RJ001,C100,150.14,2,C1807,market_place
O104160,2025-08-17,SP001,B200,113.22,5,C9953,MarketPlace
O100346,2025-06-07,SP002,A200,63.02,5,C9998,IN_STORE
O101448,29/06/2025,SP001,B100,79.51,2,C8713,ONLINE
O102793,2025-07-24,SP001,B100,80.58,4,C7394,IN_STORE
O104870,2025-08-28,RJ001,C100,130.14,2,,marketplace
O100111,2025-06-02,RJ001,C100,138.18,1,C7868,Online
O103572,2025-08-07,SP001,B100,80.53,1,C4846,on-line
O104049,2025-08-15,SP002,B200,125.05,1,C7541,on-line
O101761,2025-07-05,SP001,C100,139.04,1,C3979,Online
O103535,2025-08-06,SP002,C200,193.47,2,C7032,IN_STORE
O100702,2025-06-13,MG001,A200,59.78,1,C9238,store
O104184,2025-08-17,SP002,B200,119.14,7,C1553,online
O104725,2025-08-25,MG001,A100,41.57,3,C7657,online
O100602,2025-06-11,MG001,B100,73.42,1,C8873,Online
O102858,2025-07-25,SP002,C200,195.09,1,C1895,marketplace
O104018,2025-08-14,RJ001,C200,202.59,3,C2290,IN_STORE
O100514,2025-06-10,SP001,B200,111.15,1,C8242,market_place
O102326,2025-07-15,RJ001,A100,36.47,3,C3276,on-line
O101135,2025-06-22,SP002,B100,76.74,1,C6905,on-line
O102997,2025-07-27,MG001,B100,76.17,2,C4458,on-line
O101190,2025-06-23,SP002,B100,84.02,3,C3877,marketplace
O101294,2025-06-25,RJ001,C100,134.43,1,C6761,Online
O102671,2025-07-21,RJ001,B100,75.85,5,C1958,on-line
O105053,31/08/2025,SP002,C200,202.33,2,C2982,market_place
O103039,2025-07-28,MG001,B200,110.21,2,C4394,ONLINE
O100885,2025-06-17,SP001,A200,53.24,2,C1724,market_place
O102245,2025-07-13,MG001,B200,114.26,1,C1917,marketplace
O101671,2025-07-03,RJ001,B100,76.73,2,C7249,In-Store
O102932,2025-07-26,RJ001,A200,58.9,1,C8208,MarketPlace
O104284,2025/08/18,MG001,A200,59.61,1,C5718,in_store
O105042,2025-08-31,SP002,A100,40.15,2,C4391,on-line
O103573,2025-08-07,SP001,B200,109.38,1,C2651,store
O101774,2025-07-05,SP002,C200,202.84,4,C8069,marketplace
O104219,2025-08-17,MG001,B200,117.07,2,C8447,In-Store
O100760,2025-06-14,MG001,B100,73.45,1,C6218,MarketPlace
O102332,2025-07-15,RJ001,B100,83.59,2,C5989,MarketPlace
O102868,2025-07-25,RJ001,C200,187.76,2,C1555,store
O101834,2025-07-06,SP001,B200,119.17,4,C4610,market_place
O103511,2025-08-06,SP001,C200,178.89,1,C5454,ONLINE
O102691,2025-07-22,SP001,B200,120.01,6,C2251,IN_STORE
O103566,2025-08-07,SP001,C200,188.47,1,C4143,online
O103860,2025-08-11,RJ001,A100,40.7,2,C5491,Online
O102444,2025-07-17,MG001,C100,152.57,1,C9039,MarketPlace
O102159,2025-07-12,RJ001,A200,59.07,1,C7633,In-Store
O104617,2025-08-24,SP001,C200,213.23,3,C8430,market_place
O101497,2025-06-30,SP001,B200,117.81,4,C3024,store
O100215,2025-06-04,RJ001,B200,113.19,4,C1320,In-Store
O102902,2025-07-26,SP001,C200,194.54,1,C7259,in_store
O102821,2025-07-24,MG001,A200,55.51,3,C5919,market_place
O100076,2025-06-01,MG001,A100,37.35,1,C1964,marketplace
O101301,2025-06-25,RJ001,A100,42.59,4,C4300,in_store
O102037,2025-07-10,SP001,B100,79.05,1,C3591,marketplace
O103744,2025-08-09,MG001,C200,204.82,3,C3999,In-Store
O100442,2025-06-08,MG001,B100,73.61,1,C7070,Online
O104122,2025-08-16,RJ001,A100,40.62,1,C3512,ONLINE
O101037,2025-06-20,RJ001,A200,65.05,3,C9499,MarketPlace
O103501,2025-08-05,MG001,B200,115.19,1,C4153,online
O101896,2025-07-07,SP001,B200,119.07,2,C3373,marketplace
O105049,2025-08-31,SP002,A100,39.66,2,C1529,market_place
O104089,2025-08-16,SP001,A100,39.79,3,C4074,Online
O102638,2025-07-21,SP001,A100,40.44,1,C6915,marketplace
O102419,2025-07-17,SP002,C100,147.48,3,C2995,MarketPlace
O103548,2025-08-06,RJ001,A200,62.81,1,C5143,In-Store
O103519,2025-08-06,SP001,A200,60.41,1,C3878,market_place
O102520,2025-07-19,SP002,B200,117.22,1,C6336,ONLINE
O103334,2025-08-02,MG001,C200,198.69,5,C7131,marketplace
O102799,2025-07-24,SP001,B200,120.07,3,C9142,Online
O100424,2025-06-08,SP002,C100,148.36,4,C2479,store
O100947,2025-06-18,RJ001,C200,211.0,1,C8054,market_place
O102581,2025-07-20,SP002,B100,72.28,4,C8966,store
O104518,2025-08-22,MG001,A100,43.4,1,C6698,marketplace
O103757,2025-08-10,SP001,B200,122.87,3,C9722,marketplace
O104738,2025-08-26,SP001,A100,39.33,2,C7605,ONLINE
O101817,2025-07-06,SP001,B200,113.03,3,C4281,marketplace
O103765,2025-08-10,SP002,C200,2123.8999999999996,2,C4687,marketplace
O102653,2025-07-21,SP002,A200,59.91,1,C8571,marketplace
O102378,2025-07-16,SP002,C200,216.1,2,C1447,In-Store
O101134,2025-06-22,SP002,C200,203.6,6,C3604,in_store
O104931,2025-08-29,RJ001,A200,58.15,3,C7524,online
O102018,2025-07-09,MG001,A100,39.43,1,C4616,store
O101392,2025-06-27,RJ001,C200,205.17,1,C5400,in_store
O101245,2025-06-24,SP002,B200,125.45,2,C9780,ONLINE
O101722,2025-07-04,RJ001,A200,52.17,2,C3395,online
O103272,2025-08-02,SP001,B200,128.05,3,C6377,marketplace
O100598,2025-06-11,MG001,C200,219.93,2,,marketplace
O104019,2025-08-14,RJ001,C200,192.19,3,C4794,online
O104022,2025-08-14,RJ001,C100,148.67,1,C9573,MarketPlace
O103755,2025-08-10,SP001,B200,123.02,1,C9334,marketplace
O102038,2025-07-10,SP002,C100,148.31,3,C8258,market_place
O105003,2025-08-30,MG001,B200,120.4,1,C2287,ONLINE
O101220,2025-06-24,SP001,C200,192.93,2,C4974,MarketPlace
O102148,2025-07-12,SP002,A100,38.01,1,C8808,marketplace
O103070,2025-07-29,SP002,B100,76.87,1,C7799,MarketPlace
O104661,2025-08-24,RJ001,C200,203.69,1,C9459,ONLINE
O102124,2025-07-12,SP001,B200,119.87,5,C5590,online
O105032,2025-08-31,SP002,A100,41.03,7,C7697,marketplace
O104728,2025-08-25,MG001,C100,145.89,1,C7265,online
O101171,2025-06-22,MG001,B100,77.24,2,C7337,ONLINE
O101931,2025-07-07,MG001,C100,144.94,1,C6634,online
O102766,2025-07-23,RJ001,A100,40.35,2,C5965,online
O100196,2025-06-04,SP001,B200,119.18,1,C5082,on-line
O104513,2025/08/22,RJ001,B200,115.29,3,C7268,Online
O102705,2025-07-22,RJ001,C100,141.76,2,C8685,on-line
O103641,2025-08-08,SP002,A100,37.98,5,C3501,in_store
O100030,2025-06-01,SP002,C100,150.94,2,C5010,MarketPlace
O101701,2025-07-04,SP001,B100,80.42,2,C3200,IN_STORE
O101942,2025-07-08,SP001,C100,150.57,1,C5454,marketplace
O104940,2025-08-29,RJ001,B200,132.89,3,C5963,on-line
O101377,2025-06-27,SP002,C200,206.27,2,C2425,ONLINE
O101453,2025-06-29,SP001,C200,208.12,2,C7889,In-Store
O102619,2025-07-20,MG001,B200,0.0,3,C3381,store
O104765,2025-08-26,RJ001,B200,119.65,1,C4450,IN_STORE
O101997,2025-07-09,SP002,C100,153.26,1,C3627,marketplace
O101463,2025-06-29,SP002,C100,143.25,6,C3346,store
O103021,2025-07-28,SP002,A100,36.64,2,C8074,marketplace
O104481,2025-08-22,SP001,B200,122.59,2,C7024,on-line
O100161,2025-06-03,RJ001,A200,57.25,1,C5349,MarketPlace
O100771,2025-06-14,MG001,C200,202.33,2,C8871,Online
O104269,2025-08-18,RJ001,A100,41.43,1,C7267,on-line
O102343,2025-07-15,MG001,C100,151.09,1,C3841,Online
O103899,2025-08-12,SP002,A200,59.76,2,C9036,marketplace
O102947,2025-07-27,SP001,C100,158.11,4,C7822,ONLINE
O100612,2025-06-12,SP001,B100,76.07,1,C1461,Online
O100655,2025-06-13,SP001,B200,123.11,1,C9151,market_place
O104670,2025-08-24,RJ001,B100,71.97,3,C5786,online
O103360,2025-08-03,SP002,A100,37.87,4,C4281,market_place
O103549,2025-08-06,RJ001,C200,216.76,1,C9202,store
O101839,2025-07-06,SP001,B100,78.55,2,C7536,online
O101154,2025-06-22,RJ001,B200,121.81,1,C4490,IN_STORE
O100120,2025-06-02,MG001,C100,147.94,3,C3170,store
O101582,2025-07-01,MG001,A200,61.44,2,C1071,store
O100622,2025-06-12,SP002,A100,37.39,2,C7878,ONLINE
O100553,2025-06-10,MG001,B100,74.02,3,C1920,MarketPlace
O104746,2025-08-26,SP001,C100,0.0,2,,IN_STORE
O100905,2025-06-17,RJ001,A200,50.42,1,C4978,in_store
O103106,30/07/2025,SP002,B100,78.92,6,C1085,MarketPlace
O102681,2025-07-21,MG001,C200,213.17,2,C5447,In-Store
O100261,2025-06-05,MG001,B100,79.53,2,C4995,in_store
O104819,2025-08-27,RJ001,B200,125.63,4,C5145,Online
O102449,17/07/2025,MG001,C100,147.09,3,C6880,marketplace
O105087,2025-08-31,MG001,B100,74.07,1,C3553,MarketPlace
O103166,2025-07-31,SP002,A100,37.29,2,C6199,market_place
O103283,2025-08-02,SP002,B100,84.25,2,C9866,marketplace
O102055,2025-07-10,RJ001,A200,56.11,3,C5920,store
O101721,2025-07-04,SP002,C100,149.77,3,C8310,Online
O104182,2025-08-17,SP002,A200,58.78,2,C6782,market_place
O104933,2025-08-29,RJ001,B200,119.28,3,C6673,Online
O104309,2025-08-19,SP002,A100,373.7,1,C9508,IN_STORE
O100585,2025-06-11,RJ001,A200,61.82,1,C3253,Online
O104079,2025-08-15,MG001,B100,76.34,1,C7375,MarketPlace
O102480,2025-07-18,RJ001,C100,1575.3999999999999,2,C4613,market_place
O103673,2025-08-08,MG001,B100,77.51,3,C8292,marketplace
O102627,2025-07-20,MG001,A200,53.96,1,C2914,marketplace
O100172,2025-06-03,MG001,C100,145.69,4,C7691,store
O102194,2025-07-13,SP001,A100,39.17,2,C4323,on-line
O102384,2025-07-16,RJ001,C100,157.46,2,C3476,ONLINE
O102981,2025-07-27,RJ001,B200,136.36,5,C8825,Online
O104577,2025-08-23,RJ001,C200,212.13,2,C9646,on-line
O104011,2025-08-14,RJ001,C200,199.08,4,C3122,In-Store
O102482,2025-07-18,RJ001,B100,81.79,4,C7586,MarketPlace
O101983,2025-07-09,SP001,C200,206.37,2,C1979,online
O104438,2025-08-21,RJ001,A200,60.31,1,C3302,on-line
O102229,2025-07-13,RJ001,A100,39.21,2,C1392,on-line
O104572,2025-08-23,SP002,C200,183.9,2,C3458,MarketPlace
O101697,2025-07-04,SP001,C100,157.06,2,C6971,market_place
O102758,2025-07-23,RJ001,B200,110.63,1,C4308,In-Store
O103612,2025-08-07,MG001,C200,183.89,2,C9757,ONLINE
O104329,2025-08-19,MG001,B100,82.7,4,C5722,store
O101397,2025-06-27,MG001,C200,201.95,1,C6257,store
O100884,2025-06-17,SP001,C100,158.35,2,C1797,MarketPlace
O101699,2025-07-04,SP001,A100,38.59,1,C5033,in_store
O103547,2025-08-06,RJ001,C100,143.84,2,C7929,online
O104732,2025-08-25,MG001,B200,113.87,2,C8325,on-line
O103963,2025-08-13,RJ001,C100,143.39,2,C4973,In-Store
O103609,2025-08-07,MG001,A200,54.49,3,C7283,in_store
O101076,2025-06-21,SP001,B200,123.8,1,C3258,in_store
O104545,2025-08-23,SP001,B200,115.98,4,C4726,on-line
O100237,2025-06-05,SP002,A200,58.9,2,C1333,ONLINE
O103117,2025-07-30,RJ001,A100,39.75,2,C3130,IN_STORE
O102552,2025-07-19,RJ001,C200,183.7,1,C7662,MarketPlace
O102309,2025-07-15,SP002,C100,135.5,2,C2162,MarketPlace
O102930,2025-07-26,RJ001,C100,153.35,4,C8139,store
O104782,2025-08-26,MG001,C200,195.25,7,C4319,MarketPlace
O104464,2025-08-21,MG001,C200,222.68,1,C2021,IN_STORE
O104253,2025-08-18,SP002,B200,120.75,2,C9412,MarketPlace
O103502,2025-08-05,MG001,A100,35.46,4,C3318,marketplace
O103829,2025-08-11,SP001,B200,122.77,4,C1846,market_place
O103134,2025-07-30,MG001,B100,74.95,2,C7135,IN_STORE
O103603,2025-08-07,RJ001,A100,42.73,2,C9990,store
O103610,2025-08-07,MG001,B100,85.15,4,C5220,Online
O104221,2025-08-17,MG001,B100,79.35,2,C2683,marketplace
O103427,2025-08-04,RJ001,B100,75.74,1,C2723,ONLINE
O104881,2025-08-28,RJ001,B100,81.6,5,C2641,store
O103058,2025-07-29,SP001,C100,151.45,3,C2669,MarketPlace
O101150,2025-06-22,RJ001,B100,72.28,1,C7270,online
O100221,2025-06-04,MG001,A200,53.8,1,C8140,store
O104960,2025-08-30,SP001,C100,143.57,1,C6853,ONLINE
O103912,2025-08-12,RJ001,A100,39.85,1,,Online
O102547,2025-07-19,RJ001,C200,204.28,2,C1550,MarketPlace
O103863,2025-08-11,RJ001,C200,181.38,5,C7512,Online
O100949,2025-06-18,RJ001,C100,161.9,5,C4948,online
O100940,2025/06/18,RJ001,A200,57.06,1,C8471,MarketPlace
O103527,2025/08/06,SP002,B200,113.74,3,C7812,In-Store
O101871,2025-07-06,MG001,B100,73.05,2,,store
O102467,2025-07-18,SP002,A100,42.8,2,C1701,In-Store
O104310,2025-08-19,SP002,C200,200.6,2,C1339,market_place
O102068,2025-07-10,MG001,C100,157.65,3,C6354,ONLINE
O101601,2025-07-02,SP002,C200,188.5,2,C9747,marketplace
O104040,2025-08-15,SP001,B100,85.75,2,C7568,in_store
O103121,2025-07-30,RJ001,B200,129.07,1,C9172,in_store
O101458,2025-06-29,SP001,B200,121.09,2,C9199,Online
O100902,17/06/2025,SP002,B100,74.97,1,C3365,market_place
O101964,2025-07-08,RJ001,B200,111.26,3,C5049,in_store
O104117,2025-08-16,SP002,A100,35.95,3,C4668,store
O104338,2025-08-19,MG001,A100,45.23,1,C5434,marketplace
O104050,2025-08-15,SP002,A100,0.0,3,C7360,online
O100159,2025-06-03,RJ001,C200,200.69,1,C6425,MarketPlace
O100426,2025-06-08,RJ001,C100,149.58,3,C8451,on-line
O101855,2025-07-06,RJ001,A200,59.34,2,C5591,marketplace
O100529,2025-06-10,SP002,A100,41.31,3,C1693,In-Store
O100728,2025-06-14,SP002,C100,155.84,1,C2739,MarketPlace
O103026,2025-07-28,RJ001,C100,159.64,3,,ONLINE
O101960,2025-07-08,RJ001,B100,78.66,4,C2169,in_store
O104141,2025-08-16,MG001,B200,116.1,2,C6867,MarketPlace
O100737,2025-06-14,RJ001,B100,75.07,2,C1379,IN_STORE
O104526,2025-08-22,MG001,C100,158.88,2,C9501,market_place
O104575,2025-08-23,RJ001,C100,164.55,3,C9982,MarketPlace
O103317,2025-08-02,MG001,B100,88.22,3,C5998,online
O102770,2025-07-23,MG001,A100,39.89,3,C9037,MarketPlace
O104959,2025-08-30,SP001,B100,84.96,3,C1583,marketplace
O101536,2025-06-30,MG001,A200,59.62,2,C7221,market_place
O100202,2025-06-04,SP002,A200,64.21,2,C8777,MarketPlace
O104062,2025-08-15,RJ001,B200,120.41,2,C4497,on-line
O100840,2025-06-16,SP001,C200,200.95,5,C5833,ONLINE
O102143,12/07/2025,SP002,A200,54.53,4,C1429,online
O102874,2025-07-25,MG001,B200,112.48,1,C9973,marketplace
O103630,2025-08-08,SP001,A100,42.28,4,C1150,store
O101575,2025-07-01,MG001,A200,55.02,1,C7704,MarketPlace
O103605,2025-08-07,RJ001,A100,42.83,1,C9858,In-Store
O100351,2025-06-07,SP002,C100,153.72,1,C7684,Online
O101968,2025-07-08,MG001,B200,126.13,4,C6113,store
O100163,2025-06-03,RJ001,B100,77.93,2,C6139,MarketPlace
O102542,2025-07-19,RJ001,C200,199.87,2,C5041,IN_STORE
O102181,2025-07-12,MG001,B100,74.49,1,C3686,marketplace
O100295,2025-06-06,SP002,B100,79.15,2,C2869,in_store
O103821,2025-08-11,SP001,B200,122.72,2,C5486,ONLINE
O103888,2025-08-12,SP001,A200,56.22,5,C1256,In-Store
O101760,2025-07-05,SP001,A200,60.58,1,C7730,Online
O104799,2025-08-27,SP002,B200,120.29,2,C8773,in_store
O101328,2025-06-26,SP001,A200,62.06,1,C9078,in_store
O103008,2025-07-28,SP001,A200,65.25,2,C4126,online
O101203,2025-06-23,RJ001,A200,57.59,2,C2685,In-Store
O102195,2025-07-13,SP001,A100,39.15,2,C5146,MarketPlace
O101887,2025-07-06,MG001,B100,79.19,1,C6903,IN_STORE
O100081,2025/06/02,SP001,C200,200.98,1,C8744,marketplace
O100931,2025-06-18,SP001,B100,79.78,2,C9037,IN_STORE
O100599,2025-06-11,MG001,B200,126.58,2,,In-Store
O100414,2025-06-08,SP002,B100,81.2,4,C1546,IN_STORE
O101060,2025-06-21,SP001,B200,120.98,3,C4519,on-line
O101986,2025-07-09,SP001,A200,64.0,3,C4812,IN_STORE
O104891,2025-08-28,MG001,A100,38.76,1,C7977,IN_STORE
O104769,2025-08-26,RJ001,A200,57.42,4,C8708,online
O104997,2025-08-30,RJ001,C100,156.79,3,,on-line
O102005,2025-07-09,RJ001,C200,196.51,2,C9830,online
O103451,04/08/2025,MG001,C200,215.63,5,C2684,market_place
O102342,2025-07-15,MG001,B200,120.53,3,C8130,in_store
O100735,2025-06-14,SP002,A200,51.22,3,C9163,online
O102851,2025-07-25,SP002,B200,119.88,2,C7139,market_place
O101715,2025-07-04,SP002,B100,77.43,3,C4658,store
O101533,2025-06-30,MG001,A200,54.55,2,C1960,market_place
O101963,2025-07-08,RJ001,A100,41.35,4,C5078,Online
O102282,2025-07-14,RJ001,B100,79.56,1,C6218,marketplace
O101984,2025-07-09,SP001,B100,79.5,1,C3521,MarketPlace
O104754,2025-08-26,SP002,A100,41.77,1,C7949,ONLINE
O100633,2025-06-12,RJ001,C100,162.44,2,C1333,marketplace
O102075,2025-07-11,SP001,B200,131.42,4,C1807,marketplace
O101623,2025-07-02,RJ001,A200,60.95,1,C9418,Online
O100615,2025-06-12,SP001,B100,77.44,1,C3273,IN_STORE
O101053,2025-06-21,SP001,C100,156.67,3,C3623,online
O100945,2025-06-18,RJ001,C200,213.11,4,C9777,In-Store
O100861,2025-06-16,SP002,C200,200.29,1,C2196,online
O104888,2025-08-28,MG001,C100,145.69,1,C8906,In-Store
O100886,2025-06-17,SP001,B200,119.85,1,C4839,store
O102827,24/07/2025,MG001,B200,129.76,2,C2860,on-line
O100176,2025-06-03,MG001,C200,225.3,6,C3851,MarketPlace
O102665,2025-07-21,RJ001,A100,42.05,1,,on-line
O103777,2025-08-10,SP002,A100,43.01,2,C1096,In-Store
O101216,2025-06-23,MG001,B200,119.15,4,C6090,in_store
O100711,2025-06-14,SP001,C100,153.01,1,C3762,MarketPlace
O100506,2025-06-09,MG001,A100,42.22,2,C9691,marketplace
O102017,2025-07-09,MG001,C100,153.87,1,C5193,market_place
O102813,2025-07-24,SP002,B200,116.62,1,C9971,market_place
O102513,2025-07-19,SP001,A200,57.53,2,C5118,in_store
O104582,2025-08-23,RJ001,A200,58.16,3,C4982,in_store
O103196,2025-07-31,MG001,B100,810.1999999999999,1,C5110,marketplace
O101840,2025-07-06,SP002,C200,199.84,2,C6603,market_place
O103674,08/08/2025,MG001,B100,75.02,1,C2966,online
O105039,2025-08-31,SP002,C200,195.88,2,C3870,ONLINE
O102785,2025-07-23,MG001,A200,60.69,1,C6113,ONLINE
O104347,2025-08-20,SP001,C200,209.77,3,C3280,IN_STORE
O100938,2025-06-18,SP002,C200,195.24,3,C2113,Online
O101936,2025-07-08,SP001,A100,39.47,3,C7121,MarketPlace
O100943,2025-06-18,RJ001,A100,37.13,1,C7739,MarketPlace
O104764,2025-08-26,SP002,C100,137.0,4,C5116,market_place
O101303,2025-06-25,MG001,B100,83.81,2,C1359,on-line
O104233,2025-08-17,MG001,A100,43.39,3,C6231,on-line
O103249,2025/08/01,MG001,A100,39.74,1,C4225,Online
O100904,2025/06/17,RJ001,B200,122.9,2,C9683,marketplace
O102751,2025-07-23,SP002,A100,0.0,1,C9017,in_store
O100273,2025-06-06,SP001,B100,79.78,2,C7625,online
O103883,2025-08-12,SP001,B100,77.92,3,C9999,Online
O100719,2025-06-14,SP001,B100,79.39,2,C5949,marketplace
O103454,2025-08-05,SP001,A100,43.08,2,C4305,in_store
O100280,2025-06-06,SP001,A200,56.97,3,C4155,ONLINE
O102139,2025-07-12,SP002,B100,73.38,1,C1483,online
O103751,2025-08-10,SP001,A100,40.6,1,C4932,market_place
O103837,2025-08-11,SP001,B100,91.59,2,C2650,MarketPlace
O101634,2025-07-02,MG001,C100,156.54,2,C9276,Online
O102012,2025-07-09,MG001,A200,59.68,4,C1512,ONLINE
O102943,2025-07-26,MG001,B100,80.69,3,C3757,on-line
O102735,2025-07-23,SP001,B200,117.11,2,C7020,marketplace
O100483,2025-06-09,SP002,C200,190.99,4,C7132,store
O104982,2025-08-30,SP002,A200,61.69,1,C5502,In-Store
O100567,2025-06-11,SP001,B200,115.27,2,C9564,market_place
O104946,2025-08-29,MG001,B200,124.28,3,C2310,market_place
O100285,2025-06-06,SP001,C100,141.54,3,C2647,In-Store
O102324,2025-07-15,RJ001,C200,208.21,3,C7208,market_place
O104748,2025-08-26,SP001,B100,78.25,1,C8913,store
O101913,2025-07-07,RJ001,A100,42.83,2,C5300,Online
O104264,2025-08-18,RJ001,C100,159.78,1,C6806,Online
O102848,2025-07-25,SP002,A100,41.29,1,C4507,online
O104408,2025-08-20,MG001,A200,53.43,4,C3480,MarketPlace
O105072,2025/08/31,MG001,A200,62.97,2,C9548,ONLINE
O101350,2025-06-26,RJ001,A200,59.8,1,,Online
O100229,2025-06-05,SP001,A100,40.34,2,C7211,in_store
O100667,2025-06-13,SP002,A100,40.78,4,C7655,market_place
O104381,2025-08-20,RJ001,C100,127.16,2,C5050,ONLINE
O103214,2025-08-01,SP001,B200,115.49,1,C2329,marketplace
O104883,2025-08-28,RJ001,A200,61.16,2,C9958,IN_STORE
O104445,2025-08-21,RJ001,A100,44.94,2,C8004,IN_STORE
O102829,2025-07-24,MG001,A200,60.85,1,C8604,In-Store
O101962,2025-07-08,RJ001,A200,52.65,2,C7251,IN_STORE
O100785,2025-06-15,SP002,C100,152.09,3,C5331,in_store
O103836,2025-08-11,SP001,A200,58.81,2,,IN_STORE
O100288,2025-06-06,SP001,A100,41.74,1,C9751,market_place
O103896,2025-08-12,SP001,B100,79.34,3,C8848,on-line
O103324,2025-08-02,MG001,C200,224.89,1,C6209,IN_STORE
O101846,2025-07-06,SP002,A200,58.31,4,C4965,market_place
O102572,2025-07-20,SP001,C200,1926.6,1,C2097,market_place
O100315,2025-06-06,MG001,C200,206.24,1,C4241,marketplace
O102525,2025-07-19,SP002,B200,121.95,2,C8936,market_place
O102696,2025-07-22,SP002,B100,76.74,1,C5991,Online
O103841,2025-08-11,SP002,C200,215.26,4,C3134,online
O104232,2025-08-17,MG001,A200,56.01,2,C8548,marketplace
O102236,2025-07-13,RJ001,A100,37.06,2,C5919,in_store
O100308,2025-06-06,RJ001,C100,148.35,1,C3564,on-line
O100117,2025-06-02,MG001,B200,109.51,1,C2188,IN_STORE
O101567,2025-07-01,RJ001,C100,155.9,4,C8751,MarketPlace
O100541,2025-06-10,RJ001,A100,39.29,1,C2868,marketplace
O104061,2025-08-15,RJ001,A100,37.77,1,C3551,market_place
O102200,2025-07-13,SP001,B200,114.65,3,C8239,store
O102100,2025-07-11,RJ001,A200,58.88,3,C9952,online
O100574,2025-06-11,SP002,B100,79.84,3,C3463,store
O101274,2025-06-25,SP001,B200,122.15,3,C8848,market_place
O103984,2025-08-13,MG001,B200,115.55,1,C8443,market_place
O100394,2025-06-08,SP001,A200,51.36,2,C2293,ONLINE
O100474,2025-06-09,SP002,C200,212.62,1,C7240,store
O100266,2025-06-05,MG001,B100,82.9,2,C5526,In-Store
O103269,2025-08-02,SP001,B200,116.3,3,C8605,in_store
O101407,2025-06-28,SP001,A200,60.72,1,C1944,online
O104143,2025-08-16,MG001,B100,80.84,1,C9772,ONLINE
O105089,2025-08-31,MG001,C100,157.06,3,C7192,In-Store
O103592,2025-08-07,SP002,A100,39.04,2,C6901,MarketPlace
O102505,2025-07-19,SP001,C100,147.97,2,C9842,in_store
O105059,2025-08-31,RJ001,C200,186.92,2,C8209,MarketPlace
O104968,2025-08-30,SP001,C200,190.9,3,C8510,marketplace
O104130,2025-08-16,RJ001,B100,78.57,1,C3595,MarketPlace
O103784,2025-08-10,RJ001,C100,145.37,1,C7729,Online
O100989,2025-06-19,RJ001,B100,76.66,1,C2674,IN_STORE
O100162,2025-06-03,RJ001,A100,41.07,3,C8119,online
O102284,2025-07-14,RJ001,C100,159.03,5,C3806,Online
O101765,2025-07-05,SP002,A200,59.1,1,C7315,in_store
O101837,2025-07-06,SP001,C100,159.37,2,C1159,MarketPlace
O104398,2025/08/20,MG001,A200,56.9,4,C5643,ONLINE
O103827,2025-08-11,SP001,A200,54.56,3,C7980,In-Store
O102845,25/07/2025,SP002,B100,82.43,3,C7388,store
O102201,2025-07-13,SP001,A100,42.04,1,C1107,MarketPlace
O103459,2025-08-05,SP001,A200,55.92,2,C3750,ONLINE
O104698,2025-08-25,SP002,B100,88.04,1,C2039,market_place
O104524,2025-08-22,MG001,C200,196.87,2,C5709,MarketPlace
O104692,2025-08-25,SP001,A200,61.29,1,C3728,marketplace
O100707,2025-06-13,MG001,A100,42.73,2,C4216,in_store
O100671,2025-06-13,SP002,A200,54.52,4,C7001,marketplace
O103319,2025-08-02,MG001,B100,76.67,2,C3807,MarketPlace
O100792,2025-06-15,SP002,B100,75.82,5,C9899,ONLINE
O101599,2025/07/02,SP001,C200,195.19,1,C6771,Online
O100419,2025-06-08,SP002,B100,79.83,3,C9221,MarketPlace
O102834,2025-07-25,SP001,B100,80.31,1,C3883,market_place
O102978,2025-07-27,RJ001,C200,198.22,5,C3540,market_place
O101430,2025-06-28,RJ001,C100,156.22,4,C2676,IN_STORE
O103858,2025-08-11,RJ001,B200,121.32,1,C8910,online
O100054,2025-06-01,RJ001,C100,147.22,2,C9317,Online
O102731,23/07/2025,SP001,B200,118.69,4,C6111,market_place
O104785,2025-08-26,MG001,B100,73.58,3,C5307,Online
O102927,2025-07-26,RJ001,A200,61.25,1,C5603,In-Store
O100429,2025-06-08,RJ001,A100,42.29,1,C4830,MarketPlace
O101285,2025-06-25,SP002,B100,77.18,3,C8728,Online
O104435,2025/08/21,SP002,B200,117.17,1,C4150,marketplace
O100661,13/06/2025,SP002,C200,216.93,1,C6021,store
O103293,2025-08-02,SP002,C200,190.9,5,C8657,market_place
O101356,2025/06/26,RJ001,B200,124.82,1,C7078,on-line
O102789,2025-07-24,SP001,B100,72.51,3,C8551,on-line
O101780,2025-07-05,SP002,B200,0.0,1,C2373,ONLINE
O103999,2025-08-14,SP002,C100,138.27,2,C1459,in_store
O101016,2025-06-20,SP001,C100,140.25,2,C6339,on-line
O101104,21/06/2025,MG001,A200,59.54,2,C3281,MarketPlace
O100634,2025-06-12,RJ001,B200,117.86,1,C1713,in_store
O104920,2025-08-29,SP002,A200,61.19,2,C6935,in_store
O101299,2025-06-25,RJ001,A100,40.59,1,C4584,Online
O102315,2025-07-15,SP002,A200,60.01,1,C8063,MarketPlace
O103223,2025-08-01,SP002,B100,76.79,4,C6862,marketplace
O104484,2025-08-22,SP001,A200,62.48,1,C1164,online
O103832,2025-08-11,SP001,C200,193.66,1,C5046,store
O102459,2025-07-18,SP001,B200,104.99,3,C8175,online
O101186,2025-06-23,SP001,B100,71.53,1,C8167,MarketPlace
O102328,2025-07-15,RJ001,A200,61.29,2,C3444,market_place
O100147,2025-06-03,SP002,A200,57.65,1,C3900,Online
O100997,2025-06-19,RJ001,C200,198.09,1,C4977,marketplace
O104975,2025-08-30,SP002,A200,54.74,3,C5208,market_place
O104802,2025-08-27,SP002,C100,150.58,1,C3721,Online
O100316,2025-06-06,MG001,B200,119.31,1,C9922,Online
O103187,31/07/2025,RJ001,A200,55.56,3,C3057,market_place
O102389,2025-07-16,RJ001,A200,61.45,1,C3525,marketplace
O101173,2025-06-22,MG001,C100,153.72,2,C3830,marketplace
O100516,2025-06-10,SP001,C100,148.38,1,C6655,on-line
O101665,2025-07-03,RJ001,B200,117.84,2,C2938,MarketPlace
O102673,2025-07-21,RJ001,C200,198.43,4,C6855,on-line
O103100,2025-07-30,SP001,C100,153.72,2,C4954,in_store
O101210,2025-06-23,MG001,A200,57.15,1,C5067,IN_STORE
O101753,2025-07-05,SP001,A100,42.49,2,C3406,MarketPlace
O103320,2025-08-02,MG001,C100,148.1,1,C8106,market_place
O104035,2025-08-15,SP001,A100,38.77,2,C3935,ONLINE
O102777,2025-07-23,MG001,B100,78.74,2,C2006,in_store
O102458,2025-07-18,SP001,C200,198.15,4,C6886,marketplace
O102890,2025-07-26,SP001,B200,118.36,1,C4677,IN_STORE
O102767,2025-07-23,MG001,C200,200.86,1,C9052,online
O100069,2025-06-01,MG001,C200,0.0,4,C7537,store
O102724,2025-07-22,MG001,A200,62.51,1,C2848,In-Store
O101811,2025-07-05,MG001,A200,56.77,1,C9364,on-line
O101592,2025-07-02,SP001,A200,61.48,1,C9393,In-Store
O100650,2025-06-13,SP001,B100,80.44,4,C1783,In-Store
O103049,2025-07-29,SP001,A100,36.68,2,C8055,in_store
O101020,20/06/2025,SP002,C200,192.79,3,C1440,marketplace
O104175,2025-08-17,SP002,A200,59.16,2,C5605,market_place
O102363,2025-07-16,SP001,A200,57.6,2,C9624,marketplace
O101733,2025-07-04,RJ001,C100,151.18,4,,MarketPlace
O102832,24/07/2025,MG001,A200,61.79,2,C5468,ONLINE
O101694,2025-07-03,MG001,A200,62.86,1,C8960,in_store
O100508,2025-06-10,SP001,B200,123.03,4,C3578,in_store
O101436,2025-06-28,RJ001,B100,70.13,1,C5895,IN_STORE
O101013,2025-06-20,SP001,B200,113.25,1,C3910,in_store
O101242,2025-06-24,SP002,A200,58.01,1,C2785,MarketPlace
O102617,2025-07-20,MG001,C100,152.31,3,C9743,online
O101542,2025-07-01,SP001,A100,39.29,2,C9598,marketplace
O102507,2025-07-19,SP001,C200,201.91,1,C4409,market_place
O102303,2025-07-15,SP001,A100,41.63,1,C8787,Online
O102564,2025-07-19,MG001,A100,40.27,2,C7977,store
O103139,2025-07-30,MG001,A200,58.71,1,C9008,MarketPlace
O102323,2025-07-15,RJ001,B200,125.93,2,C2781,Online
O104054,2025-08-15,SP002,A100,39.68,7,C3953,ONLINE
O102635,2025-07-21,SP001,C200,204.35,2,C2431,market_place
O102598,2025-07-20,RJ001,A100,37.8,3,C9513,on-line
O103531,2025-08-06,SP002,B200,113.52,2,C3039,Online
O100549,2025-06-10,MG001,C200,198.07,4,C6295,marketplace
O100795,15/06/2025,SP002,B100,76.39,1,C2294,marketplace
O101631,2025-07-02,MG001,B200,123.68,2,C6866,MarketPlace
O103205,2025-08-01,SP001,B100,84.39,1,C6613,marketplace
O101232,2025-06-24,SP001,C100,133.18,2,C7102,store
O102642,2025-07-21,SP001,B100,88.01,1,C8300,store
O103953,2025-08-13,SP002,C100,154.26,1,C9070,marketplace
O100185,2025-06-03,MG001,C100,141.42,2,C6491,MarketPlace
O102066,2025-07-10,MG001,A100,41.3,2,C9591,store
O101802,2025-07-05,MG001,C100,162.91,1,C2444,IN_STORE
O101196,2025-06-23,SP002,C200,211.56,3,C2934,in_store
O101577,2025-07-01,MG001,A200,57.7,3,C7437,ONLINE
O105026,2025/08/31,SP001,C100,150.91,4,C8602,store
O102369,16/07/2025,SP002,B100,79.9,3,C1176,MarketPlace
O101717,2025-07-04,SP002,A200,60.9,2,C9210,In-Store
O100669,2025-06-13,SP002,A100,38.48,1,C8179,on-line
O101486,2025-06-29,RJ001,A200,57.06,1,C7609,online
O104443,2025-08-21,RJ001,C100,158.2,2,C9205,store
O100045,2025-06-01,RJ001,A100,40.42,1,C3621,on-line
O105008,2025-08-30,MG001,A100,41.91,5,C3731,ONLINE
O100876,16/06/2025,MG001,B200,108.37,1,C7214,market_place
O102079,2025-07-11,SP001,A200,64.13,2,C4245,in_store
O100820,2025-06-15,RJ001,B200,120.15,1,C9261,online
O103426,2025-08-04,RJ001,B200,121.36,3,C2986,in_store
O100998,2025-06-19,MG001,C100,148.4,4,C3778,market_place
O103583,2025-08-07,SP002,C100,146.36,1,C6833,on-line
O101469,2025-06-29,SP002,A200,54.89,1,C3595,market_place
O103004,2025-07-27,MG001,C200,200.35,2,C8974,MarketPlace
O104554,2025-08-23,SP002,C100,139.89,3,C1732,marketplace
O101167,22/06/2025,MG001,A200,63.31,4,C7322,store
O104588,2025-08-23,RJ001,A100,41.49,2,C8932,IN_STORE
O102956,2025-07-27,SP001,B100,71.09,2,C8423,Online
O102803,2025-07-24,SP002,A200,60.96,2,C2506,marketplace
O103411,2025-08-04,SP001,B200,123.6,1,C5044,MarketPlace
O103147,2025-07-31,SP001,A200,57.03,1,C6328,marketplace
O101872,2025-07-06,MG001,B200,113.02,1,C3148,Online
O105051,2025-08-31,SP002,C100,158.34,3,,in_store
O103302,2025-08-02,RJ001,B200,121.34,1,C6431,market_place
O102321,2025-07-15,RJ001,B100,82.42,3,C2599,MarketPlace
O102839,2025-07-25,SP001,C200,205.85,1,C2479,MarketPlace
O101007,2025-06-19,MG001,B200,110.65,1,C3219,on-line
O102844,2025-07-25,SP001,A200,64.31,2,C3003,marketplace
O101265,2025-06-25,SP001,A100,39.67,3,C8552,ONLINE
O104794,2025-08-27,SP001,B100,75.77,1,C1855,Online
O104517,2025/08/22,MG001,C100,153.34,2,C5999,ONLINE
O100055,2025-06-01,RJ001,A100,39.98,4,C5889,market_place
O100957,2025-06-18,MG001,B200,130.73,1,C8798,MarketPlace
O101689,2025-07-03,MG001,B100,74.64,1,C4234,online
O101762,2025-07-05,SP002,C100,158.96,1,C9369,MarketPlace
O101349,2025-06-26,RJ001,B100,77.84,1,C8869,marketplace
O102669,2025-07-21,RJ001,C200,194.53,1,C7114,ONLINE
O103260,2025-08-02,SP001,A100,41.85,3,C7183,ONLINE
O100900,2025-06-17,SP002,B200,124.98,3,C9813,online
O104230,2025-08-17,MG001,B100,76.31,1,C7218,in_store
O103098,2025-07-30,SP001,B100,74.56,2,C3621,market_place
O104731,2025-08-25,MG001,B200,121.3,1,C1407,Online
O101949,2025-07-08,SP002,A200,62.09,4,C1317,In-Store
O101929,2025-07-07,MG001,B200,111.61,3,C3551,in_store
O101493,2025-06-29,MG001,C100,143.29,1,C1796,market_place
O102145,12/07/2025,SP002,C100,147.29,2,C4783,MarketPlace
O103485,2025-08-05,SP002,A200,61.71,2,C2300,marketplace
O103972,2025-08-13,MG001,A100,41.86,1,C6984,ONLINE
O103873,2025-08-11,MG001,B100,82.18,2,C4609,in_store
O103074,2025-07-29,RJ001,B200,118.71,2,C8516,in_store
O104956,2025-08-30,SP001,C100,139.9,3,C3928,in_store
O100846,2025-06-16,SP001,A200,59.88,4,C2341,marketplace
O102150,2025-07-12,SP002,C200,195.22,3,C7126,market_place
O102863,2025-07-25,RJ001,A200,57.22,1,C7364,In-Store
O100827,2025-06-15,MG001,A200,62.46,1,C7643,market_place
O100440,2025-06-08,RJ001,B200,116.3,1,C2622,market_place
O100551,2025/06/10,MG001,B200,111.9,4,C8682,ONLINE
O102221,2025-07-13,RJ001,C100,143.59,2,C9666,MarketPlace
O100625,2025-06-12,SP002,C100,164.08,1,C1269,marketplace
O102223,2025-07-13,RJ001,B200,117.53,3,C6185,market_place
O104858,2025-08-28,SP002,B200,122.92,2,C4084,online
O104836,2025/08/27,MG001,B200,116.38,1,C2007,MarketPlace
O100311,2025-06-06,RJ001,B100,82.94,1,C4792,ONLINE
O102106,2025-07-11,RJ001,A100,33.83,1,C4288,in_store
O102415,2025-07-17,SP001,B100,87.37,1,C5641,ONLINE
O104320,19/08/2025,RJ001,B100,81.5,4,C7836,store
O100872,2025-06-16,MG001,B200,119.93,2,C3086,MarketPlace
O103015,2025-07-28,SP002,B200,109.88,1,C2908,Online
O104412,2025-08-21,SP001,B200,126.43,1,C8925,Online
O102263,2025-07-14,SP001,A200,65.06,1,C6572,Online
O102719,2025-07-22,MG001,A200,60.75,4,C8777,market_place
O102267,2025-07-14,SP002,A200,59.88,1,C1598,market_place
O103844,2025-08-11,SP002,C100,145.93,1,C4903,in_store
O103654,2025-08-08,RJ001,B200,112.33,2,C3681,market_place
O100375,2025-06-07,MG001,A100,39.03,5,C2633,in_store
O103161,2025-07-31,SP002,A200,59.75,4,C8278,online
O104391,2025-08-20,RJ001,A200,55.47,4,C9956,market_place
O101804,2025-07-05,MG001,B100,71.65,2,C1618,online
O102036,2025-07-10,SP001,C100,143.17,2,C9268,IN_STORE
O102759,2025-07-23,RJ001,B100,72.28,2,C9157,MarketPlace
O103176,2025-07-31,SP002,B100,81.44,2,C7763,on-line
O101229,2025-06-24,SP001,A200,58.61,1,C9061,In-Store
O101312,2025-06-25,MG001,A200,0.0,1,C3872,marketplace
O102939,2025-07-26,RJ001,C200,199.6,4,C8949,marketplace
O102545,2025-07-19,RJ001,C100,155.16,1,C7844,Online
O101109,2025-06-21,MG001,B100,76.57,2,C5380,market_place
O100306,2025-06-06,RJ001,B100,77.54,1,C2330,market_place
O102753,2025-07-23,SP002,A100,40.26,1,C1865,on-line
O103578,2025-08-07,SP001,B100,76.86,1,C8753,in_store
O104500,2025-08-22,RJ001,B100,84.07,2,C9870,In-Store
O104981,2025-08-30,SP002,B100,85.08,1,C8748,marketplace
O104759,2025-08-26,SP002,B100,80.3,6,C5441,marketplace
O102349,2025-07-15,MG001,A200,56.97,2,C8974,MarketPlace
O103110,2025-07-30,SP002,B100,76.12,2,C3293,In-Store
O100948,2025-06-18,RJ001,A200,62.37,1,C2578,online
O100556,2025-06-10,MG001,A100,44.56,1,C7041,on-line
O102796,2025-07-24,SP001,B100,75.69,1,C9237,store
O102336,2025-07-15,MG001,A200,55.26,1,C2022,IN_STORE
O101710,2025-07-04,SP002,C100,156.9,2,C1511,market_place
O103709,2025-08-09,SP002,C100,139.45,2,C5544,store
O105086,2025-08-31,MG001,B200,118.32,1,C3791,marketplace
O102634,2025-07-21,SP001,A100,36.5,1,C8298,market_place
O101009,2025-06-19,MG001,B100,80.99,2,C7224,MarketPlace
O101450,2025-06-29,SP001,C200,194.62,3,C3999,marketplace
O103740,2025-08-09,MG001,C200,202.21,1,C3070,Online
O104036,2025-08-15,SP001,C200,200.82,1,C5226,store
O100676,2025-06-13,SP002,C100,146.08,4,C7521,In-Store
O101437,2025-06-28,RJ001,A200,59.43,2,C9475,ONLINE
O103693,2025-08-09,SP001,A200,55.65,2,C4378,MarketPlace
O100008,2025-06-01,SP001,C100,151.94,1,,ONLINE
O101754,2025/07/05,SP001,A100,41.03,3,C5231,ONLINE
O102497,2025-07-18,MG001,A200,63.7,3,C5439,marketplace
O103424,2025-08-04,SP002,C200,187.05,2,C5782,marketplace
O103399,2025-08-03,MG001,C100,146.3,1,C3815,Online
O102549,2025-07-19,RJ001,B200,119.79,1,C2605,marketplace
O100808,2025-06-15,RJ001,B200,115.22,3,C4267,market_place
O102262,2025-07-14,SP001,A100,41.83,2,C9192,store
O102973,2025-07-27,SP002,A100,37.45,3,C7033,store
O104553,2025-08-23,SP001,B100,75.64,1,C6789,Online
O104315,2025-08-19,RJ001,B100,64.64,1,C2462,on-line
O102899,2025-07-26,SP001,B200,112.74,2,C9096,marketplace
O101550,2025-07-01,SP001,C100,146.56,2,C9123,in_store
O104841,2025-08-27,MG001,C200,188.33,1,C7705,marketplace
O103245,2025-08-01,MG001,C100,150.0,1,C6181,in_store
O104390,2025-08-20,RJ001,A200,66.51,1,C4943,online
O104118,2025-08-16,SP002,C100,140.02,3,C5384,store
O100600,2025-06-11,MG001,C100,155.03,2,C7859,market_place
O100140,03/06/2025,SP001,C100,141.64,2,,Online
O103444,2025-08-04,MG001,C100,144.2,1,C7403,market_place
O102291,2025-07-14,MG001,C200,199.91,3,C8304,marketplace
O101440,2025-06-28,MG001,C200,204.64,1,C9148,on-line
O103375,2025/08/03,RJ001,B200,109.77,3,C7843,marketplace
O101539,2025-06-30,MG001,B200,126.29,3,C2850,In-Store
O101989,2025-07-09,SP002,A100,40.27,1,C7189,marketplace
O104206,17/08/2025,RJ001,A200,57.71,2,C6355,market_place
O103138,2025-07-30,MG001,B100,81.12,5,C4532,in_store
O103132,2025-07-30,MG001,C100,153.77,3,C1659,store
O102069,2025-07-10,MG001,C100,148.84,3,C4617,MarketPlace
O101796,2025-07-05,RJ001,C200,188.29,2,C4764,Online
O103900,2025-08-12,SP002,C200,195.51,1,C5621,on-line
O101261,2025-06-24,MG001,C100,142.27,3,C5240,MarketPlace
O102966,2025-07-27,SP002,A100,37.88,1,C9042,store
O100451,2025-06-08,MG001,A200,61.26,1,C4362,marketplace
O102305,2025-07-15,SP001,B200,123.03,4,C5624,on-line
O101626,2025-07-02,MG001,A200,55.51,1,C5178,ONLINE
O100892,2025-06-17,SP001,C200,188.77,1,C4621,market_place
O101561,2025-07-01,SP002,A100,36.12,1,C9996,market_place
O100708,2025-06-14,SP001,C200,205.78,2,C5496,MarketPlace
O101446,2025-06-28,MG001,C200,206.3,1,C9311,store
O100648,2025-06-12,MG001,B200,117.27,1,C8756,market_place
O103579,2025-08-07,SP001,B100,75.23,2,C8036,marketplace
O103219,2025-08-01,SP002,B200,126.36,3,C1138,Online
O101330,2025-06-26,SP001,B200,117.16,2,C8855,online
O103776,2025-08-10,SP002,A100,41.15,6,C8999,In-Store
O103357,2025-08-03,SP002,C100,150.48,1,C2280,MarketPlace
O103088,2025-07-29,MG001,C200,199.44,1,C8310,In-Store
O101604,2025-07-02,SP002,B200,105.23,2,C1869,Online
O100797,2025-06-15,SP002,C200,196.45,4,C4505,in_store
O102437,2025-07-17,RJ001,A100,38.35,1,C2194,on-line
O100459,2025-06-09,SP001,A200,0.0,1,C6304,MarketPlace
O102134,2025-07-12,SP001,A200,53.94,4,C9582,IN_STORE
O104515,2025-08-22,MG001,A200,55.73,1,,online
O102806,2025-07-24,SP002,A100,39.46,2,C9700,marketplace
O100197,2025-06-04,SP001,A100,40.1,1,C3184,IN_STORE
O102684,2025-07-21,MG001,A200,62.43,1,C3243,on-line
O101249,24/06/2025,RJ001,C200,189.64,2,C1660,IN_STORE
O102086,2025-07-11,SP002,B200,116.36,1,,in_store
O101092,2025-06-21,RJ001,A200,62.84,3,C9115,store
O102338,2025/07/15,MG001,A100,39.58,1,C6885,MarketPlace
O104341,2025-08-19,MG001,B100,78.31,5,C1526,Online
O102095,2025-07-11,RJ001,A200,61.58,3,C3419,marketplace
O102473,2025-07-18,SP002,B200,104.07,2,C1312,marketplace
O103690,2025-08-09,SP001,A200,57.83,4,C3948,market_place
O105047,2025-08-31,SP002,C100,150.46,4,C3609,in_store
O101866,2025-07-06,RJ001,A200,51.28,2,C5306,market_place
O100937,2025-06-18,SP002,A100,38.15,1,C3252,IN_STORE
O103475,2025-08-05,SP002,A100,39.14,3,C6314,MarketPlace
O104014,2025-08-14,RJ001,A100,38.92,4,C3460,MarketPlace
O100469,2025-06-09,SP001,B200,120.92,3,C2768,MarketPlace
O102420,2025-07-17,SP002,C200,180.89,2,C2415,on-line
O103717,2025-08-09,RJ001,C200,206.88,1,C4156,market_place
O101340,2025-06-26,SP002,C200,196.54,1,C8113,on-line
O100110,2025-06-02,RJ001,C100,143.28,3,C1651,marketplace
O101424,2025-06-28,SP002,C100,132.68,1,C4666,online
O102955,2025-07-27,SP001,C100,145.64,1,C1095,MarketPlace
O101075,2025/06/21,SP001,C200,213.48,1,C9369,online
O100274,2025-06-06,SP001,C200,206.05,1,C6016,on-line
O103869,2025-08-11,MG001,A200,63.97,2,C3621,online
O101725,2025-07-04,RJ001,B200,119.8,2,C2029,Online
O104072,2025-08-15,MG001,B200,115.89,2,C4507,market_place
O104539,2025-08-23,SP001,A100,38.75,1,C1606,In-Store
O104053,2025-08-15,SP002,C200,190.86,5,C8616,market_place
O103692,2025-08-09,SP001,B100,77.97,1,C1641,Online
O102744,2025-07-23,SP001,A100,40.53,1,C7958,Online
O103672,2025-08-08,MG001,B200,129.65,2,C7260,market_place
O105091,2025-08-31,MG001,C100,149.97,6,C3873,In-Store
O100272,2025-06-06,SP001,B200,121.72,1,C2524,Online
O101909,2025-07-07,SP002,A200,59.47,1,C7505,online
O104146,2025-08-16,MG001,B100,76.39,3,C3355,online
O101362,2025-06-26,MG001,A100,41.81,1,C6632,marketplace
O103189,2025-07-31,MG001,B200,118.56,3,C9199,online
O102225,2025-07-13,RJ001,A200,63.02,3,C9132,marketplace
O100725,2025-06-14,SP002,C100,141.27,1,C6121,on-line
O103779,2025-08-10,RJ001,B100,71.97,4,C2755,IN_STORE
O102394,2025-07-16,RJ001,A100,38.92,3,C5331,MarketPlace
O100709,2025-06-14,SP001,A200,61.39,4,C5961,market_place
O101195,2025-06-23,SP002,A200,59.66,1,C3079,In-Store
O104509,2025-08-22,RJ001,A100,42.64,3,C1553,store
O101162,2025-06-22,RJ001,C100,147.06,3,C5668,marketplace
O100524,2025-06-10,SP002,B100,76.57,1,C1126,ONLINE
O100562,2025-06-10,MG001,C100,142.72,3,C2013,Online
O103814,2025-08-10,MG001,B100,74.08,3,C5052,MarketPlace
O104676,24/08/2025,MG001,B100,75.16,6,C7960,ONLINE
O100837,2025-06-15,MG001,C200,191.73,4,C8625,ONLINE
O101543,2025-07-01,SP001,C200,182.07,3,C4669,marketplace
O100005,2025-06-01,SP001,A100,37.88,1,C7912,marketplace
O102406,2025-07-17,SP001,B100,74.6,1,C5375,In-Store
O103297,02/08/2025,SP002,B100,83.68,2,C2717,on-line
O100126,2025-06-02,MG001,C200,181.5,3,C3200,ONLINE
O103723,2025-08-09,RJ001,C100,138.19,1,C9984,online
O104949,2025-08-29,MG001,A200,57.77,1,C8454,marketplace
O102376,2025-07-16,SP002,A100,37.79,4,C8752,market_place
O100119,2025-06-02,MG001,A100,37.77,2,C4492,market_place
O102351,2025-07-15,MG001,A100,37.69,3,,ONLINE
O104830,2025-08-27,MG001,C200,195.41,2,C2021,marketplace
O102063,2025-07-10,MG001,B100,77.02,1,C7824,in_store
O103044,2025-07-28,MG001,B200,120.99,2,C5975,in_store
O102730,2025-07-22,MG001,A100,38.97,1,C5646,In-Store
O103158,2025-07-31,SP001,A200,57.94,1,C9235,store
O104812,2025-08-27,SP002,C200,0.0,2,C4208,ONLINE
O104416,2025-08-21,SP001,A200,62.24,1,C6309,market_place
O104434,2025-08-21,SP002,A200,59.14,2,C3655,ONLINE
O103498,2025-08-05,RJ001,C100,149.95,1,C9543,store
O104455,2025-08-21,MG001,C100,138.54,1,C4955,market_place
O104426,2025-08-21,SP002,C100,145.62,1,C2875,In-Store
O101002,2025-06-19,MG001,A100,42.67,1,C8121,ONLINE
O103423,2025-08-04,SP002,A200,56.57,2,C5485,on-line
O102924,2025-07-26,SP002,A100,40.19,3,C9690,IN_STORE
O103929,2025-08-12,MG001,A200,61.41,1,C5617,on-line
O101224,2025-06-24,SP001,B200,132.07,4,C4817,on-line
O100678,2025-06-13,SP002,A200,59.42,2,C1424,ONLINE
O104636,2025-08-24,SP002,C100,160.2,2,C3766,MarketPlace
O101655,2025-07-03,SP002,C200,204.65,1,C2702,store
O101502,2025-06-30,SP001,C200,183.85,2,C5423,market_place
O104198,2025-08-17,RJ001,C100,147.84,1,C2686,ONLINE
O100368,2025-06-07,RJ001,C200,205.06,3,C7274,Online
O100844,2025-06-16,SP001,B200,116.66,2,C9998,marketplace
O100618,2025-06-12,SP001,A100,40.0,1,C4533,store
O100480,2025-06-09,SP002,B200,120.44,1,C8430,IN_STORE
O104422,2025-08-21,SP001,B200,122.57,1,C8805,market_place
O101442,28/06/2025,MG001,B200,129.61,1,C1578,store
O100698,13/06/2025,MG001,C100,147.7,3,C3053,online
O101439,2025-06-28,MG001,C200,197.86,1,C3292,IN_STORE
O104678,2025-08-24,MG001,B100,79.71,4,C2860,MarketPlace
O104242,2025-08-18,SP002,C200,200.12,1,C4373,MarketPlace
O104471,2025-08-22,SP001,A100,39.0,3,C9136,Online
O100281,2025-06-06,SP001,B100,75.18,2,C9779,on-line
O104067,2025-08-15,RJ001,A100,37.67,4,C7929,market_place
O100467,2025-06-09,SP001,B100,76.52,1,C1510,in_store
O102094,2025-07-11,RJ001,A100,39.77,1,C1893,MarketPlace
O104409,2025-08-20,MG001,B100,85.57,1,C6558,marketplace
O101712,2025-07-04,SP002,C100,152.5,1,C1600,ONLINE
O101820,2025-07-06,SP001,C200,200.39,1,C6703,marketplace
O100105,2025-06-02,RJ001,C100,158.47,3,C3579,MarketPlace
O102189,2025-07-12,MG001,C100,155.63,2,C3459,MarketPlace
O102755,2025-07-23,SP002,A200,64.91,1,C6356,IN_STORE
O104583,2025-08-23,RJ001,B100,76.35,2,C8468,Online
O104512,2025-08-22,RJ001,B100,794.9,3,C7290,MarketPlace
O100730,2025-06-14,SP002,A100,40.75,1,C8366,In-Store
O102968,2025-07-27,SP002,C200,196.77,5,C3151,market_place
O104667,2025-08-24,RJ001,C100,152.98,4,C4845,store
O104439,2025-08-21,RJ001,A100,37.02,1,C7685,IN_STORE
O101419,2025-06-28,SP002,A200,57.76,6,C4688,MarketPlace
O100756,2025-06-14,MG001,A100,39.66,1,C3245,online
O100277,2025-06-06,SP001,B100,72.71,2,C6419,store
O103478,2025-08-05,SP002,B100,85.33,2,,ONLINE
O104189,2025-08-17,SP002,B200,123.64,1,C6861,online
O100804,2025-06-15,RJ001,B100,78.41,2,C8739,marketplace
O100397,2025-06-08,SP001,A200,59.35,2,C5161,store
O101114,2025-06-22,SP001,A200,62.38,2,C6277,marketplace
O101854,2025-07-06,RJ001,C100,160.68,2,C9041,IN_STORE
O104162,2025-08-17,SP001,C200,209.89,1,C2992,store
O101473,2025-06-29,SP002,B200,125.12,5,C1618,Online
O103763,2025-08-10,SP001,C200,207.52,3,C1693,marketplace
O104362,2025-08-20,SP002,A200,58.64,1,C9900,marketplace
O102701,2025-07-22,SP002,A100,41.97,1,C2830,store
O102024,2025-07-10,SP001,C100,145.07,1,C9667,In-Store
O102663,21/07/2025,RJ001,B200,129.26,5,C9059,on-line
O101039,2025-06-20,RJ001,B200,119.2,4,C7408,In-Store
O102787,2025-07-24,SP001,B100,74.75,2,C6531,Online
O102995,2025-07-27,MG001,C100,147.68,1,C8454,MarketPlace
O102071,2025-07-10,MG001,B200,118.0,3,C9269,MarketPlace
O104563,2025-08-23,SP002,C100,147.13,1,C6488,in_store
O101281,2025-06-25,SP001,B100,81.95,3,C9231,market_place
O101055,2025-06-21,SP001,B200,117.79,2,C7636,on-line
O102142,2025-07-12,SP002,A200,61.31,1,C2749,on-line
O100727,2025-06-14,SP002,B200,124.81,1,C7070,on-line
O103713,2025-08-09,SP002,B200,126.36,1,C2364,In-Store
O102476,2025-07-18,SP002,A100,39.68,1,C1818,Online
O102433,2025-07-17,RJ001,A200,56.92,3,C9061,market_place
O101456,2025-06-29,SP001,A100,38.86,2,C1879,store
O102621,2025-07-20,MG001,A100,41.16,4,C9948,MarketPlace
O100681,2025-06-13,RJ001,B100,77.58,1,C8311,in_store
O104849,2025-08-28,SP001,B100,79.68,5,C1329,market_place
O100341,2025-06-07,SP001,B200,128.01,1,C1018,marketplace
O104872,2025-08-28,RJ001,B100,72.82,1,C8662,on-line
O101894,2025-07-07,SP001,B200,123.8,1,C8322,market_place
O102359,2025-07-16,SP001,B200,117.13,6,C7012,market_place
O102451,2025-07-17,MG001,B200,122.09,3,C2485,ONLINE
O100012,2025-06-01,SP001,A200,60.15,1,C7924,MarketPlace
O103374,2025-08-03,RJ001,A100,35.65,3,C4077,In-Store
O102244,2025-07-13,MG001,C100,146.62,2,C8577,store
O100812,2025-06-15,RJ001,C100,156.86,1,C1611,marketplace
O104801,2025-08-27,SP002,B100,84.7,1,C2281,marketplace
O103254,2025-08-02,SP001,B100,84.62,3,C2766,online
O104964,2025-08-30,SP001,A100,40.61,1,C3369,Online
O104568,2025-08-23,SP002,A100,40.0,1,C4464,marketplace
O100995,2025-06-19,RJ001,B200,120.04,1,C5781,on-line
O103236,2025-08-01,RJ001,A200,64.41,1,C1378,marketplace
O105029,2025-08-31,SP002,B200,126.32,5,C4094,In-Store
O104194,2025-08-17,SP002,C200,211.69,2,C4502,In-Store
O104811,2025-08-27,SP002,B200,121.05,5,C3932,In-Store
O101794,2025-07-05,RJ001,B100,83.16,4,C6641,in_store
O101201,2025-06-23,SP002,B100,78.61,2,C9185,online
O102881,2025-07-25,MG001,C100,142.37,3,C2815,on-line
O103587,2025-08-07,SP002,C100,157.74,2,C9693,Online
O103722,2025-08-09,RJ001,A100,38.76,1,C3041,in_store
O100063,2025-06-01,MG001,A100,42.77,4,C8962,marketplace
O102715,2025-07-22,MG001,A100,41.9,2,C1229,MarketPlace
O103038,2025-07-28,MG001,B200,129.77,1,C6902,market_place
O101347,2025-06-26,RJ001,A200,54.74,1,C6911,online
O105064,2025-08-31,RJ001,A200,60.17,2,C8906,online
O104494,2025-08-22,SP002,C200,186.17,1,C2251,on-line
O101238,2025-06-24,SP002,A200,549.7,4,C5276,store
O102709,2025-07-22,RJ001,C100,148.08,4,C4027,on-line
O103921,2025-08-12,MG001,C100,143.29,2,C2680,In-Store
O100573,2025-06-11,SP002,C100,134.89,1,C7333,market_place
O103516,2025-08-06,SP001,A200,57.19,1,C1324,store
O100509,2025-06-10,SP001,B100,85.48,1,C6314,store
O104820,2025-08-27,RJ001,B100,81.67,3,C1937,marketplace
O101522,2025-06-30,RJ001,B100,82.82,2,C6123,MarketPlace
O101401,2025-06-27,MG001,B200,114.91,1,C8937,market_place
O100367,2025-06-07,RJ001,B200,125.49,2,C4090,store
O101952,2025-07-08,SP002,B100,76.23,1,C3048,In-Store
O101739,2025-07-04,MG001,B200,110.08,1,C1108,market_place
O100027,2025-06-01,SP002,A200,59.29,3,C5374,MarketPlace
O100301,2025-06-06,SP002,C100,154.96,1,C8381,IN_STORE
O101892,2025-07-07,SP001,A200,66.49,1,C6818,IN_STORE
O103574,2025-08-07,SP001,A100,40.71,2,C5359,online
O104969,2025-08-30,SP001,A100,38.78,1,C6350,on-line
O104522,2025-08-22,MG001,B200,111.71,2,C1935,marketplace
O101501,2025-06-30,SP001,B100,75.48,3,C2654,IN_STORE
O100518,2025-06-10,SP001,C200,193.25,2,C8972,marketplace
O102998,2025-07-27,MG001,A200,64.13,2,C5248,ONLINE
O103897,2025-08-12,SP002,A100,41.71,2,C3973,In-Store
O103460,2025-08-05,SP001,C200,203.53,5,C1721,on-line
O103040,2025-07-28,MG001,B100,81.24,1,C2412,market_place
O104241,18/08/2025,SP001,B100,77.89,1,C4971,marketplace
O103480,2025-08-05,SP002,B100,74.56,1,C8354,Online
O100768,2025-06-14,MG001,C200,213.28,1,C1436,MarketPlace
O100867,2025-06-16,RJ001,B100,80.62,1,C8348,store
O101518,2025-06-30,RJ001,B100,72.18,4,C4787,marketplace
O104037,2025-08-15,SP001,B200,127.18,1,C8242,IN_STORE
O102855,2025-07-25,SP002,A200,62.28,3,,In-Store
O103415,2025-08-04,SP002,C200,210.39,1,C6681,IN_STORE
O104977,2025-08-30,SP002,B200,108.16,2,C4139,on-line
O101207,2025-06-23,RJ001,A200,61.0,3,C8729,online
O103000,2025-07-27,MG001,C100,143.52,1,C1095,Online
O102073,2025-07-11,SP001,B100,81.88,3,C3425,IN_STORE
O104393,2025-08-20,RJ001,B100,77.84,4,C2638,In-Store
O103510,2025-08-06,SP001,B100,0.0,1,C8344,marketplace
O104392,2025-08-20,RJ001,A200,57.05,6,C8871,store
O102020,2025-07-10,SP001,A100,38.56,2,C9051,ONLINE
O104721,2025-08-25,RJ001,C200,185.04,2,C5950,Online
O104793,2025-08-27,SP001,A200,59.38,3,C1004,IN_STORE
O104971,2025-08-30,SP002,C100,145.13,1,C2656,MarketPlace
O104257,2025-08-18,SP002,C100,147.93,3,C2672,MarketPlace
O101073,2025-06-21,SP001,A100,40.54,1,C6003,on-line
O104467,2025-08-21,MG001,B100,78.03,1,,ONLINE
O103192,2025-07-31,MG001,C100,162.45,3,C8401,IN_STORE
O101406,2025-06-28,SP001,C100,136.46,1,C3846,Online
O103455,2025-08-05,SP001,A200,60.99,1,,IN_STORE
O104279,2025-08-18,MG001,A100,39.06,3,C4710,IN_STORE
O102231,2025-07-13,RJ001,C200,202.84,5,C7793,online
O104164,2025-08-17,SP001,C100,164.74,5,C9486,ONLINE
O104702,2025-08-25,SP002,B200,122.13,2,C4757,marketplace
O103255,02/08/2025,SP001,B200,113.87,2,C6583,ONLINE
O104306,2025-08-19,SP002,A100,39.97,6,C5933,In-Store
O100174,2025-06-03,MG001,C100,139.73,3,C4143,ONLINE
O103773,2025-08-10,SP002,B100,79.18,1,C1036,online
O104116,2025-08-16,SP002,C200,182.76,3,C7484,market_place
O104364,2025-08-20,SP002,B200,131.17,1,C7601,ONLINE
O100649,2025-06-12,MG001,B100,74.05,2,C4131,ONLINE
O101388,2025-06-27,SP002,A100,42.21,1,C5512,online
O103582,2025-08-07,SP002,C200,198.89,1,C7200,store
O104324,2025-08-19,RJ001,B200,117.46,5,C6685,in_store
O100380,2025-06-07,MG001,C100,149.48,1,C7512,MarketPlace
O100684,2025-06-13,RJ001,A100,39.8,1,C2213,Online
O101832,2025-07-06,SP001,C100,157.4,4,C8896,Online
O101823,2025-07-06,SP001,B200,124.42,2,C1076,market_place
O105035,2025-08-31,SP002,C200,203.9,3,C7066,on-line
O104961,2025-08-30,SP001,C200,229.81,2,C9704,on-line
O100915,2025-06-17,MG001,C200,207.88,2,C4974,in_store
O103243,01/08/2025,MG001,C100,151.04,7,C4678,ONLINE
O104171,2025-08-17,SP001,C200,194.36,4,C5822,marketplace
O102214,2025-07-13,SP002,B100,64.78,1,C7208,in_store
O101488,2025-06-29,MG001,C200,209.53,4,C4460,online
O103823,2025-08-11,SP001,A100,42.16,3,C4270,marketplace
O101551,2025-07-01,SP002,A200,55.77,3,C9055,on-line
O100939,2025-06-18,SP002,C200,214.27,1,C1149,Online
O104569,2025-08-23,SP002,B100,79.75,1,C9326,marketplace
O104060,2025-08-15,RJ001,A100,40.76,1,C8447,in_store
O100964,2025-06-19,SP001,B100,77.65,2,C2218,Online
O103833,2025-08-11,SP001,B100,76.4,4,C3977,online
O104105,2025-08-16,SP002,C200,210.5,1,,IN_STORE
O102108,2025-07-11,RJ001,A100,38.39,2,C1136,IN_STORE
O100358,2025-06-07,RJ001,B200,128.69,1,C9327,online
O101352,2025-06-26,RJ001,A100,41.81,4,C2892,in_store
O101607,2025-07-02,SP002,C200,192.79,6,C3399,store
O100379,2025-06-07,MG001,B200,103.97,1,C6546,IN_STORE
O103545,2025-08-06,RJ001,C200,193.56,2,C7297,market_place
O103253,2025-08-01,MG001,A100,41.37,3,C6477,market_place
O104308,19/08/2025,SP002,C200,208.79,2,C8935,MarketPlace
O103742,2025-08-09,MG001,A100,41.53,1,C7064,MarketPlace
O104291,2025-08-19,SP001,B200,114.16,2,C1208,ONLINE
O104237,2025-08-18,SP001,C100,148.72,1,C9029,in_store
O102622,2025-07-20,MG001,C100,140.42,2,C5842,In-Store
O103433,2025-08-04,RJ001,B200,121.12,1,C7542,In-Store
O104137,2025-08-16,MG001,A100,42.54,3,C3507,market_place
O100244,2025-06-05,SP002,C100,144.75,2,C6111,ONLINE
O100303,2025-06-06,RJ001,B100,80.95,1,C1986,MarketPlace
O103419,2025-08-04,SP002,C100,153.25,6,C8079,marketplace
O100238,2025-06-05,SP002,C100,150.74,2,C4908,on-line
O102422,2025-07-17,SP002,C200,206.37,3,C4027,marketplace
O101464,2025-06-29,SP002,B100,82.51,1,C3954,market_place
O102693,2025-07-22,SP001,B200,118.83,2,C6104,in_store
O101418,2025-06-28,SP002,A100,39.35,5,C4511,online
O103698,2025-08-09,SP002,A200,55.09,4,C1001,In-Store
O104644,2025-08-24,SP002,B200,109.87,2,C9081,In-Store
O101956,2025-07-08,SP002,B100,0.0,2,C6104,store
O100148,2025-06-03,SP002,B200,115.28,1,C3938,ONLINE
O104056,2025-08-15,SP002,B200,125.45,2,C7578,ONLINE
O102483,2025-07-18,RJ001,B100,77.25,2,C9943,online
O104631,2025-08-24,SP002,B100,80.4,2,C8191,IN_STORE
O102116,11/07/2025,MG001,C100,158.02,2,C1352,IN_STORE
O104199,2025-08-17,RJ001,C100,150.86,4,C2225,in_store
O104877,2025-08-28,RJ001,C100,1574.7,5,C1554,store
O103961,2025-08-13,SP002,B100,76.35,1,C3283,In-Store
O104007,2025-08-14,SP002,A100,34.82,1,C2527,in_store
O102631,20/07/2025,MG001,A100,42.97,4,C4197,MarketPlace
O104410,20/08/2025,MG001,B200,126.74,2,C3294,market_place
O104487,2025-08-22,SP002,C200,200.0,1,C1931,Online
O104005,2025-08-14,SP002,B100,84.42,1,C1735,ONLINE
O104296,2025-08-19,SP002,B200,124.66,1,C1016,market_place
O103488,2025-08-05,RJ001,A200,64.67,5,C4348,IN_STORE
O100606,2025-06-11,MG001,B100,0.0,1,C9410,in_store
O100539,2025-06-10,RJ001,B100,83.08,1,,market_place
O102667,2025-07-21,RJ001,C100,140.18,2,C8144,IN_STORE
O101728,2025-07-04,RJ001,C100,153.49,1,C7358,IN_STORE
O103997,2025-08-14,SP002,A200,63.44,1,C2776,IN_STORE
O102892,2025-07-26,SP001,A100,40.15,2,C4248,in_store
O101254,2025-06-24,RJ001,B100,79.13,1,,ONLINE
O104158,2025-08-17,SP001,A100,40.35,1,C1515,ONLINE
O103041,2025-07-28,MG001,C200,192.18,2,C3115,IN_STORE
O100444,2025-06-08,MG001,A200,58.1,1,C2627,in_store
O100478,2025-06-09,SP002,C200,206.57,1,C4522,marketplace
O101593,2025/07/02,SP001,B100,78.1,4,C9975,marketplace
O103230,2025-08-01,SP002,B200,120.42,1,C4174,online
O103684,2025-08-09,SP001,B200,122.47,3,C1323,marketplace
O102160,2025-07-12,RJ001,A100,35.36,1,C7232,market_place
O100389,2025-06-08,SP001,A100,40.22,3,C6314,Online
O101917,2025-07-07,RJ001,B200,114.18,1,C3071,market_place
O102959,2025-07-27,SP002,B100,70.88,2,C2158,online
O100933,2025/06/18,SP002,A200,59.33,3,C9954,on-line
O103097,2025-07-30,SP001,C100,139.47,3,C9541,store
O105074,2025-08-31,MG001,B100,72.8,1,C6942,marketplace
O103290,2025-08-02,SP002,B100,81.75,2,C4282,Online
O102537,2025-07-19,RJ001,C200,216.03,2,C3784,MarketPlace
O104451,21/08/2025,MG001,B100,79.78,2,C4670,on-line
O102332,2025-07-15,RJ001,B100,83.59,2,C5989,marketplace
O100010,2025-06-01,SP001,B200,117.26,1,C8359,Online
O104379,2025-08-20,RJ001,A100,40.09,2,C1000,ONLINE
O102138,2025-07-12,SP001,C200,168.84,2,C4016,on-line
O101491,2025/06/29,MG001,C200,179.79,2,C1612,marketplace
O100313,2025-06-06,RJ001,C200,207.43,5,C2166,store
O102610,2025-07-20,RJ001,A200,59.04,5,C3514,on-line
O100457,2025-06-09,SP001,A100,40.39,2,C1422,market_place
O102888,2025-07-26,SP001,B100,80.32,2,C2382,Online
O104023,2025-08-14,RJ001,B100,79.2,1,C3149,store
O104610,2025-08-24,SP001,C200,216.28,1,C8354,store
O100083,2025-06-02,SP001,A200,57.19,5,C2588,online
O102807,24/07/2025,SP002,B200,117.95,1,C4436,IN_STORE
O103802,2025-08-10,MG001,C200,203.33,2,C7370,market_place
O100353,2025-06-07,RJ001,B200,118.47,1,C3522,on-line
O100330,2025-06-07,SP001,A200,59.05,2,C9502,store
O103719,2025-08-09,RJ001,C100,146.46,3,C7876,on-line
O101409,2025-06-28,SP002,A100,40.24,1,C4262,In-Store
O101509,2025-06-30,SP002,B100,77.4,2,C7713,marketplace
O100184,2025-06-03,MG001,C200,197.52,3,C5649,on-line
O101184,2025-06-23,SP001,A200,56.71,2,C6353,market_place
O100042,2025-06-01,RJ001,C100,149.51,3,,store
O101560,2025-07-01,SP002,A100,36.95,2,C7755,In-Store
O102044,2025-07-10,SP002,B100,84.3,1,C8331,IN_STORE
O101471,2025-06-29,SP002,C100,151.33,2,C8035,In-Store
O100095,2025-06-02,SP002,A200,56.94,3,C8956,In-Store
O103050,2025-07-29,SP001,A100,44.75,1,C4714,MarketPlace
O102076,11/07/2025,SP001,C100,145.82,3,C5301,In-Store
O101403,2025-06-28,SP001,C100,145.02,3,C2075,online
O100654,2025-06-13,SP001,B200,118.51,1,C4060,in_store
O102509,2025-07-19,SP001,A100,37.77,4,C8772,on-line
O102380,2025-07-16,RJ001,A200,61.21,3,C2259,marketplace
O103064,2025-07-29,SP002,A200,64.25,2,C6959,MarketPlace
O101768,05/07/2025,SP002,C200,0.0,1,C3450,IN_STORE
O102906,2025-07-26,SP002,B200,0.0,3,C7693,Online
O102557,2025-07-19,MG001,C100,152.26,1,C1399,MarketPlace
O101108,2025-06-21,MG001,A200,62.89,2,C5794,In-Store
O103163,2025-07-31,SP002,B200,114.54,2,C1737,MarketPlace
O100284,2025-06-06,SP001,B100,79.15,1,C9595,marketplace
O100299,2025-06-06,SP002,A100,40.35,3,C2940,Online
O101001,2025-06-19,MG001,B100,83.56,2,C3390,store
O105071,2025-08-31,RJ001,C100,133.99,2,C1585,store
O101308,2025-06-25,MG001,B100,78.55,3,C3235,store
O103090,29/07/2025,MG001,C100,152.78,2,C8244,MarketPlace
O103745,2025-08-09,MG001,B200,120.87,1,C8678,In-Store
O103611,2025-08-07,MG001,C200,197.51,1,C3016,IN_STORE
O102314,2025-07-15,SP002,B200,115.34,2,C6582,online
O103810,2025-08-10,MG001,B100,80.84,1,C2353,In-Store
O102856,2025-07-25,SP002,C200,206.48,2,C6049,in_store
O103957,2025-08-13,SP002,C200,197.69,3,C4853,Online
O104835,2025-08-27,MG001,C100,155.47,2,C7605,Online
O104043,2025-08-15,SP001,C100,142.48,2,C7122,In-Store
O104461,2025-08-21,MG001,B100,78.06,2,C5274,store
O100035,2025-06-01,SP002,B200,121.84,1,C2084,IN_STORE
O104429,2025-08-21,SP002,A200,64.68,2,C2763,IN_STORE
O103493,2025-08-05,RJ001,C100,156.17,2,C5726,in_store
O101737,2025-07-04,MG001,A200,61.77,1,C7649,marketplace
O103402,2025-08-04,SP001,C100,149.22,2,C8835,IN_STORE
O102205,2025-07-13,SP001,A100,35.77,1,C6718,marketplace
O104555,2025-08-23,SP002,C100,157.87,4,C6729,Online
O100278,2025-06-06,SP001,B100,81.23,1,C8434,marketplace
O103980,2025-08-13,MG001,B100,73.45,3,C3554,on-line
O104951,2025-08-29,MG001,B100,81.48,5,C2991,on-line
O102471,2025-07-18,SP002,A200,57.8,2,C4817,marketplace
O103211,2025-08-01,SP001,C100,145.46,4,C1070,In-Store
O101828,2025-07-06,SP001,C100,146.65,1,C5098,marketplace
O101614,2025-07-02,RJ001,C200,214.33,1,C1769,MarketPlace
O100038,2025-06-01,SP002,B200,123.47,3,C8517,marketplace
O103834,2025-08-11,SP001,A100,41.98,2,C1854,online
O103738,2025-08-09,MG001,B200,122.79,3,C3090,marketplace
O103617,2025-08-07,MG001,C200,196.65,3,C7252,market_place
O101525,2025-06-30,RJ001,A200,56.71,2,C3793,MarketPlace
O104226,2025-08-17,MG001,A200,55.71,2,C7043,MarketPlace
O102347,2025-07-15,MG001,C200,184.61,4,C3200,on-line
O101445,2025-06-28,MG001,C200,214.9,1,C8794,MarketPlace
O102290,2025-07-14,MG001,B200,110.73,4,C3932,in_store
O100262,2025-06-05,MG001,B200,114.83,4,C7209,market_place
O101364,2025-06-26,MG001,C100,154.23,1,C7342,Online
O104449,2025-08-21,MG001,A100,39.89,3,C4777,in_store
O101094,2025-06-21,RJ001,C100,149.51,1,C5389,Online
O102879,2025-07-25,MG001,A100,39.49,1,C4278,IN_STORE
O103063,2025-07-29,SP002,C100,167.76,2,C2626,IN_STORE
O103466,2025-08-05,SP001,B100,78.31,2,C3844,in_store
O101716,2025-07-04,SP002,C100,152.62,1,C5767,MarketPlace
O101367,2025-06-27,SP001,B200,122.48,1,C2293,IN_STORE
O101194,2025-06-23,SP002,C100,157.4,3,C5247,market_place
O100849,2025-06-16,SP001,C100,145.06,2,C2011,Online
O103831,2025-08-11,SP001,B100,80.08,2,C6751,In-Store
O101641,2025-07-03,SP001,C100,147.89,1,C1144,MarketPlace
O101283,2025-06-25,SP002,A200,55.62,1,C6224,Online
O104012,2025-08-14,RJ001,C200,199.78,1,C2595,MarketPlace
O101836,06/07/2025,SP001,B100,82.85,2,C6785,In-Store
O101865,2025-07-06,RJ001,B100,76.52,2,C5254,in_store
O100166,2025-06-03,RJ001,B100,79.06,1,C8144,ONLINE
O100721,2025-06-14,SP001,B100,79.34,2,C2195,in_store
O101995,2025-07-09,SP002,C100,140.97,1,C6303,In-Store
O103783,2025-08-10,RJ001,A200,59.61,4,C9668,on-line
O101677,03/07/2025,MG001,A100,39.89,1,C3316,market_place
O102171,2025-07-12,RJ001,B200,111.56,1,C7921,online
O103931,2025-08-13,SP001,A100,42.26,2,C2389,In-Store
O104096,2025-08-16,SP001,A100,37.36,1,C9177,MarketPlace
O105070,2025-08-31,RJ001,B100,80.97,3,C5225,in_store
O100918,2025-06-17,MG001,B100,71.56,3,C8639,in_store
O103167,2025/07/31,SP002,B200,126.56,2,C2491,IN_STORE
O103969,2025-08-13,RJ001,A100,38.64,3,C2736,market_place
O105052,2025-08-31,SP002,A100,37.83,1,C5260,IN_STORE
O102104,2025-07-11,RJ001,B200,125.67,1,C9631,marketplace
O101627,2025-07-02,MG001,A100,43.32,3,C8640,in_store
O103126,2025-07-30,MG001,A200,57.82,1,C9408,marketplace
O103252,2025-08-01,MG001,A100,38.99,2,C8077,In-Store
O100856,2025-06-16,SP002,A100,40.91,2,C3161,store
O103819,2025-08-11,SP001,C100,1547.6,4,C3436,MarketPlace
O101826,2025-07-06,SP001,C100,150.38,2,C6570,store
O102810,2025-07-24,SP002,C200,190.89,4,C6133,market_place
O101598,2025-07-02,SP001,C100,144.07,1,C6281,marketplace
O102102,2025-07-11,RJ001,B200,113.18,2,C3315,marketplace
O102522,2025-07-19,SP002,A200,64.97,2,C4884,on-line
O103346,2025-08-03,SP001,A200,56.17,4,C5834,online
O102153,2025-07-12,RJ001,A200,62.8,1,C1528,on-line
O105088,2025-08-31,MG001,C100,150.54,2,C6149,MarketPlace
O104587,2025-08-23,RJ001,A100,39.55,4,C9284,store
O105014,2025/08/30,MG001,A100,42.79,2,C4576,IN_STORE
O103043,2025-07-28,MG001,C100,163.63,1,C2653,IN_STORE
O104082,2025-08-15,MG001,B100,80.97,2,C6185,MarketPlace
O104185,2025-08-17,SP002,C100,154.19,1,C7714,in_store
O104228,2025-08-17,MG001,B100,72.6,1,C2815,Online
O104882,2025-08-28,RJ001,A200,58.32,3,C6018,store
O100321,2025-06-06,MG001,B200,113.42,2,C8679,online
O102596,2025-07-20,RJ001,B200,123.31,2,C1351,store
O103133,2025-07-30,MG001,C100,153.73,4,C2929,online
O103417,2025-08-04,SP002,B200,116.76,1,C3869,MarketPlace
O102817,2025-07-24,RJ001,B100,81.2,3,C9728,market_place
O104180,2025-08-17,SP002,B100,77.86,2,C2762,marketplace
O102567,2025-07-19,MG001,C100,146.97,2,C1898,In-Store
O102330,2025-07-15,RJ001,B200,118.12,3,C8326,MarketPlace
O104297,2025-08-19,SP002,B200,115.43,3,C8742,online
O104025,2025-08-14,MG001,C100,149.69,3,C1655,In-Store
O103305,2025-08-02,RJ001,B100,73.16,3,C2208,on-line
O101267,2025-06-25,SP001,C200,201.61,1,C9128,In-Store
O102470,2025-07-18,SP002,B200,125.24,1,C9791,marketplace
O100113,2025-06-02,RJ001,B100,80.35,3,C4346,IN_STORE
O102492,2025-07-18,MG001,A200,59.3,4,C8978,Online
O100710,2025-06-14,SP001,C100,146.99,2,C2530,MarketPlace
O100078,2025-06-01,MG001,B100,82.06,2,C9423,on-line
O100322,2025-06-06,MG001,C200,205.41,3,C7594,store
O101659,2025-07-03,RJ001,A100,41.06,1,C2200,online
O102575,2025-07-20,SP001,C100,148.03,1,C8839,online
O100656,2025-06-13,SP002,B100,68.89,1,C5369,MarketPlace
O102109,2025-07-11,RJ001,A100,40.61,1,C5445,in_store
O104234,2025-08-18,SP001,A200,55.36,2,C7771,market_place
O104695,2025-08-25,SP002,A200,59.62,5,C9843,marketplace
O103370,2025-08-03,RJ001,A200,59.35,5,C4438,market_place
O104016,2025-08-14,RJ001,B200,113.82,3,C1612,market_place
O103347,2025-08-03,SP001,B200,127.18,2,C6760,market_place
O100898,2025-06-17,SP002,C100,145.13,1,C7821,In-Store
O101360,2025-06-26,MG001,A200,59.06,1,C2009,store
O101809,2025-07-05,MG001,B200,116.28,3,C4304,on-line
O100924,2025-06-17,MG001,B100,81.85,2,C1749,store
O103928,2025-08-12,MG001,B200,115.44,1,C2804,Online
O104829,2025-08-27,MG001,A100,39.22,1,C8264,online
O100251,2025-06-05,RJ001,C100,145.35,2,C7071,IN_STORE
O100751,2025-06-14,RJ001,C100,153.85,1,C2946,market_place
O102488,2025-07-18,MG001,A200,63.97,1,C7060,marketplace
O102227,2025-07-13,RJ001,B200,121.22,2,C4812,ONLINE
O104511,2025-08-22,RJ001,B100,73.23,1,C1978,ONLINE
O104174,2025-08-17,SP001,A200,61.85,2,C3833,IN_STORE
O101089,2025-06-21,RJ001,C100,151.36,1,C4613,on-line
O103910,2025-08-12,RJ001,A200,60.25,3,C2369,on-line
O102942,2025-07-26,MG001,B100,73.5,1,C4337,Online
O100975,2025-06-19,SP002,A100,43.84,1,C8161,Online
O100571,2025-06-11,SP002,C200,182.68,1,C6482,market_place
O102820,2025-07-24,RJ001,B200,118.82,3,C4938,Online
O103840,2025-08-11,SP002,B100,79.11,2,C2587,ONLINE
O102804,2025-07-24,SP002,C200,193.93,1,C2552,marketplace
O103978,2025-08-13,MG001,B200,121.42,1,C6526,MarketPlace
O101023,2025-06-20,SP002,B200,108.05,1,C9180,MarketPlace
O102062,2025-07-10,MG001,A100,38.68,1,C6478,online
O102339,2025-07-15,MG001,A100,42.17,4,C1510,in_store
O102023,2025-07-10,SP001,B100,82.04,2,C1955,market_place
O103710,2025-08-09,SP002,A200,58.79,2,C7914,MarketPlace
O103335,2025-08-03,SP001,B200,125.82,6,C8606,marketplace
O104979,2025-08-30,SP002,C100,144.69,3,C9833,market_place
O103585,2025-08-07,SP002,B200,107.17,2,C7583,marketplace
O104348,2025-08-20,SP001,C200,200.33,3,C5096,online
O104038,2025-08-15,SP001,C200,196.2,1,C3031,Online
O102614,2025-07-20,MG001,A200,58.48,1,C1568,Online
O100318,2025-06-06,MG001,B100,78.68,3,C2169,Online
O103408,2025-08-04,SP001,C200,181.01,1,C8519,MarketPlace
O102393,2025-07-16,RJ001,A200,56.57,2,C6653,market_place
O100652,2025-06-13,SP001,A100,37.76,2,C8159,IN_STORE
O104818,2025-08-27,RJ001,C200,202.1,1,C8843,IN_STORE
O102712,2025-07-22,RJ001,C100,135.15,3,C6770,store
O100800,2025-06-15,SP002,A200,57.96,1,C4920,online
O104144,2025-08-16,MG001,A200,62.59,2,C7194,MarketPlace
O101133,2025-06-22,SP002,B200,124.71,1,C3161,online
O101988,09/07/2025,SP002,B200,113.65,1,C4161,marketplace
O103948,2025-08-13,SP002,B100,78.18,1,C7944,in_store
O100082,2025-06-02,SP001,A200,57.23,3,C7669,IN_STORE
O104132,2025-08-16,RJ001,C200,212.54,1,C9261,Online
O101333,2025/06/26,SP002,A100,40.67,2,C1328,store
O100026,2025-06-01,SP002,A200,57.74,3,C6820,in_store
O104550,2025/08/23,SP001,B200,120.05,1,C6199,market_place
O103974,2025-08-13,MG001,A100,41.37,1,C7823,on-line
O102690,2025-07-22,SP001,C100,162.01,1,,MarketPlace
O102987,2025-07-27,RJ001,C100,158.26,1,C7766,store
O102739,2025-07-23,SP001,A100,39.15,2,C7468,ONLINE
O104285,2025-08-18,MG001,C200,202.96,2,C5718,market_place
O101920,2025-07-07,MG001,B100,78.11,1,C8654,IN_STORE
O104394,2025-08-20,RJ001,C100,134.18,1,C7018,IN_STORE
O103103,2025-07-30,SP001,B100,76.27,3,,in_store
O104246,2025-08-18,SP002,B200,115.68,4,C4078,store
O104970,2025-08-30,SP002,B100,76.4,2,,on-line
O102708,2025-07-22,RJ001,A100,41.38,2,C4365,on-line
O102287,2025-07-14,MG001,A200,60.21,6,C8712,on-line
O104071,2025-08-15,RJ001,B100,78.42,3,C8396,marketplace
O103142,2025-07-30,MG001,B200,120.44,1,C6074,In-Store
O101161,2025-06-22,RJ001,C200,191.23,6,C5065,Online
O100212,2025-06-04,RJ001,A100,41.86,3,C7678,IN_STORE
O104196,2025-08-17,SP002,A200,61.67,1,C2085,MarketPlace
O105056,2025-08-31,RJ001,B200,127.88,5,C1979,MarketPlace
O100265,2025-06-05,MG001,A200,60.91,1,C5232,In-Store
O101021,2025-06-20,SP002,C200,193.71,2,C4434,IN_STORE
O103913,2025-08-12,RJ001,C200,199.6,2,C2392,in_store
O104939,2025-08-29,RJ001,B200,112.6,1,C7581,marketplace
O102594,2025-07-20,SP002,B200,114.31,2,C9870,MarketPlace
O102933,2025-07-26,RJ001,A100,41.08,3,C3435,ONLINE
O100782,2025-06-15,SP001,C200,193.97,4,C9609,store
O104988,2025-08-30,SP002,A100,35.78,4,C3126,IN_STORE
O101981,2025-07-09,SP001,A200,55.32,1,C2497,IN_STORE
O100307,2025-06-06,RJ001,A200,60.1,2,C3847,ONLINE
O103716,2025-08-09,RJ001,A200,56.38,2,C5413,online
O103372,03/08/2025,RJ001,C100,147.13,1,C8679,marketplace
O100899,2025-06-17,SP002,B200,114.97,1,C5913,online
O100545,2025-06-10,RJ001,B100,77.13,3,C3842,Online
O101758,2025-07-05,SP001,A100,41.1,3,C8359,on-line
O102812,24/07/2025,SP002,B100,74.49,1,C9443,MarketPlace
O104907,2025-08-29,SP001,A100,42.38,1,C3610,store
O103285,2025-08-02,SP002,B100,91.99,1,C6618,market_place
O101080,2025-06-21,SP002,C100,160.21,3,C9022,online
O102039,2025-07-10,SP002,B100,77.93,4,C6319,In-Store
O103242,2025-08-01,MG001,B200,117.44,5,C6922,In-Store
O102237,2025-07-13,MG001,C100,151.55,3,C6307,marketplace
O103512,2025-08-06,SP001,B200,120.01,3,C6891,Online
O100090,2025-06-02,SP001,A200,56.91,4,C4006,In-Store
O102763,2025-07-23,RJ001,B200,125.68,4,C7285,on-line
O102325,2025-07-15,RJ001,B100,79.36,2,C2007,store
O104167,2025-08-17,SP001,A100,38.39,3,C3270,in_store
O103660,2025-08-08,RJ001,C200,195.59,1,C7169,online
O103550,2025-08-06,RJ001,C100,147.77,4,C7271,marketplace
O102434,2025-07-17,RJ001,A100,41.34,2,C9857,on-line
O101660,2025-07-03,RJ001,A100,42.72,1,C5127,on-line
O102089,2025-07-11,SP002,B100,714.3000000000001,1,C6729,Online
O104217,2025-08-17,RJ001,A100,40.79,2,C6131,MarketPlace
O104372,2025-08-20,RJ001,C200,199.69,3,C1868,market_place
O102206,2025-07-13,SP001,A100,40.08,3,C1531,ONLINE
O101908,2025-07-07,SP002,C200,185.86,3,C2311,marketplace
O100705,2025-06-13,MG001,A200,64.03,2,C4694,IN_STORE
O100944,2025-06-18,RJ001,A100,38.71,1,C9673,online
O102952,2025-07-27,SP001,B100,81.93,3,C1473,ONLINE
O103838,2025-08-11,SP001,B200,127.0,4,C5133,on-line
O100223,2025-06-04,MG001,B100,78.71,1,C7624,MarketPlace
O102316,2025-07-15,RJ001,B200,113.31,3,C6606,marketplace
O105016,2025-08-31,SP001,A200,596.5999999999999,2,C7571,Online
O102515,2025-07-19,SP001,A100,39.77,5,C1859,ONLINE
O102790,2025-07-24,SP001,C200,186.0,3,C9433,store
O101414,2025-06-28,SP002,A200,58.63,2,C6730,in_store
O103826,2025-08-11,SP001,C200,189.27,2,C4791,market_place
O101993,2025-07-09,SP002,C100,150.72,1,C9029,MarketPlace
O101321,2025-06-26,SP001,B100,84.39,1,C3750,In-Store
O104666,2025-08-24,RJ001,B200,115.0,2,C5310,marketplace
O102818,24/07/2025,RJ001,C100,164.3,1,C1981,In-Store
O101029,2025-06-20,SP002,C100,142.8,1,C7853,marketplace
O101666,2025-07-03,RJ001,C100,141.24,4,C2036,Online
O101748,2025-07-05,SP001,B200,115.51,1,C3641,Online
O104476,2025-08-22,SP001,C100,154.65,1,C1296,in_store
O102585,2025/07/20,SP002,B200,110.75,4,C7031,market_place
O103212,2025-08-01,SP001,A100,38.6,3,C3843,marketplace
O100109,2025-06-02,RJ001,A100,44.2,2,C5033,MarketPlace
O100878,2025-06-16,MG001,B100,77.69,1,C5516,online
O101611,2025-07-02,RJ001,C100,163.16,3,C4675,marketplace
O104967,2025-08-30,SP001,C200,211.27,2,C4999,market_place
O102805,2025-07-24,SP002,C100,149.03,5,C5478,IN_STORE
O100845,2025-06-16,SP001,B200,112.48,3,C4578,market_place
O102208,2025-07-13,SP002,B100,77.48,1,C1803,on-line
O104942,2025-08-29,RJ001,C100,142.62,2,C9225,IN_STORE
O102149,2025-07-12,SP002,A200,58.26,2,C8680,market_place
O102794,2025-07-24,SP001,B100,79.66,1,C2601,market_place
O104193,2025-08-17,SP002,A100,34.05,2,C1178,in_store
O101400,2025-06-27,MG001,A200,61.8,1,C4463,store
O104424,2025-08-21,SP001,A100,39.46,3,C7292,online
O102048,2025-07-10,SP002,A100,39.47,1,C4635,in_store
O103522,2025-08-06,SP001,B200,115.12,1,C8878,market_place
O103966,2025-08-13,RJ001,C200,183.88,1,C3344,marketplace
O104470,2025-08-22,SP001,B100,76.25,1,C1683,MarketPlace
O101449,2025-06-29,SP001,A200,55.96,3,C5237,MarketPlace
O104477,2025-08-22,SP001,C100,151.65,3,C1854,In-Store
O102538,2025-07-19,RJ001,C100,144.19,2,C4763,MarketPlace
O100292,2025-06-06,SP001,A100,40.29,1,C5658,online
O102329,2025-07-15,RJ001,B200,1229.3000000000002,1,C5775,marketplace
O101692,2025-07-03,MG001,C200,188.0,2,C4842,market_place
O104178,2025-08-17,SP002,B200,123.4,2,C7942,in_store
O100779,2025-06-15,SP001,C200,203.97,4,C2020,market_place
O100983,2025-06-19,SP002,A200,59.39,2,C2204,MarketPlace
O103671,2025-08-08,MG001,C200,189.36,2,C2468,market_place
O101520,2025-06-30,RJ001,B200,113.83,1,C2635,Online
O104166,2025-08-17,SP001,B100,77.65,1,C4554,online
O105002,2025-08-30,MG001,C200,193.74,2,C5189,In-Store
O101884,2025-07-06,MG001,A100,422.59999999999997,2,C5166,on-line
O100230,2025-06-05,SP001,B100,77.11,2,C8449,Online
O102583,2025-07-20,SP002,B200,116.4,1,C9714,market_place
O102676,2025-07-21,MG001,A100,40.35,4,C5778,store
O103087,2025-07-29,MG001,C100,151.16,2,C3406,marketplace
O102697,22/07/2025,SP002,A100,39.18,4,C2943,MarketPlace
O103371,2025-08-03,RJ001,B200,117.12,1,C9451,Online
O104120,16/08/2025,RJ001,B200,128.41,2,C4957,MarketPlace
O104995,2025-08-30,RJ001,C100,145.33,1,C6386,store
O100056,2025-06-01,RJ001,C200,197.63,1,C4258,MarketPlace
O103537,2025-08-06,SP002,B200,117.5,1,C5043,MarketPlace
O101031,2025-06-20,SP002,C200,1997.1000000000001,1,C2392,marketplace
O103880,2025-08-11,MG001,C200,204.28,2,C4440,Online
O101045,2025-06-20,RJ001,B100,79.43,4,C8460,In-Store
O101278,2025-06-25,SP001,A200,57.57,2,C9907,market_place
O104218,2025-08-17,RJ001,B200,125.97,1,C1771,market_place
O102776,2025-07-23,MG001,C100,160.07,2,C6779,marketplace
O104497,2025-08-22,SP002,A200,58.1,1,C5959,IN_STORE
O104468,2025-08-21,MG001,C100,153.14,1,C2320,market_place
O103251,2025-08-01,MG001,A100,40.12,4,C2584,MarketPlace
O102101,2025-07-11,RJ001,C100,144.34,1,C9991,In-Store
O104488,2025-08-22,SP002,A100,41.11,3,C3076,ONLINE
O100644,2025-06-12,MG001,A100,41.36,1,C8498,marketplace
O102424,2025-07-17,SP002,B100,81.02,1,C8650,In-Store
O101788,2025-07-05,RJ001,A200,56.29,3,C5155,store
O100141,2025-06-03,SP001,C100,143.37,1,C3426,market_place
O100500,2025-06-09,MG001,C100,162.69,1,C5381,market_place
O105046,2025-08-31,SP002,C100,145.66,2,C2821,MarketPlace
O100799,2025-06-15,SP002,C100,145.37,1,C5450,MarketPlace
O102046,10/07/2025,SP002,B100,84.85,1,C1267,market_place
O104916,2025-08-29,SP001,C100,155.91,2,C9750,store
O100247,2025-06-05,RJ001,A100,39.55,1,C4978,market_place
O104454,2025-08-21,MG001,A200,59.7,3,C2225,IN_STORE
O104665,2025-08-24,RJ001,C200,204.15,1,C1635,Online
O103922,2025-08-12,MG001,C100,135.7,1,C3323,In-Store
O105013,2025-08-30,MG001,A200,485.5,1,C3023,store
O102374,2025-07-16,SP002,C200,185.57,4,C5981,MarketPlace
O101004,2025-06-19,MG001,B200,115.93,3,C6916,Online
O104227,2025-08-17,MG001,C100,153.26,1,C1860,Online
O102722,2025-07-22,MG001,A200,55.99,2,C7219,In-Store
O101842,2025-07-06,SP002,B200,118.02,1,C6792,IN_STORE
O104926,2025-08-29,SP002,B200,117.07,4,C6563,on-line
O102305,2025-07-15,SP001,B200,123.03,4,C5624,on-line
O104236,2025-08-18,SP001,C100,139.78,2,C4940,MarketPlace
O104787,2025-08-27,SP001,C100,152.4,1,C7274,marketplace
O101136,2025-06-22,SP002,B100,79.78,3,C7092,Online
O102355,2025-07-16,SP001,B200,125.91,2,C4698,IN_STORE
O104402,2025-08-20,MG001,A100,42.54,3,C3282,In-Store
O102454,2025-07-18,SP001,C200,218.17,3,C3893,on-line
O103759,2025-08-10,SP001,A100,42.41,2,C4115,MarketPlace
O103861,2025-08-11,RJ001,C200,219.95,7,C5745,Online
O104330,2025-08-19,MG001,A100,38.96,2,C1255,In-Store
O101723,2025-07-04,RJ001,C200,196.09,4,C8921,MarketPlace
O100357,2025-06-07,RJ001,A200,60.68,1,C3369,store
O104307,2025-08-19,SP002,C200,210.76,3,C9484,in_store
O104742,2025-08-26,SP001,B200,127.12,1,C6535,IN_STORE
O101935,2025-07-08,SP001,B200,111.54,2,C4788,in_store
O100286,2025-06-06,SP001,A200,58.17,1,C4727,in_store
O101239,2025-06-24,SP002,B100,78.22,1,C6345,IN_STORE
O103905,2025-08-12,SP002,C200,187.6,4,C2642,store
O104437,2025-08-21,RJ001,C200,175.09,2,C2576,market_place
O104605,2025-08-23,MG001,B200,114.72,4,C6805,IN_STORE
O101422,2025-06-28,SP002,A100,41.66,1,C1145,market_place
O104216,2025-08-17,RJ001,B100,75.22,1,C7559,IN_STORE
O101664,2025-07-03,RJ001,B200,113.19,2,C1276,store
O103362,2025-08-03,SP002,B100,76.02,1,C5496,In-Store
O102961,2025-07-27,SP002,A100,40.07,1,C5180,in_store
O103364,2025-08-03,SP002,C200,190.0,1,C9898,MarketPlace
O100253,2025-06-05,RJ001,A100,42.66,2,C9031,IN_STORE
O103664,2025-08-08,MG001,A100,43.31,1,C6545,marketplace
O100908,2025-06-17,RJ001,B100,80.24,1,C9775,Online
O104028,2025-08-14,MG001,A200,58.08,6,C9151,marketplace
O101633,2025-07-02,MG001,C100,156.99,1,C4012,ONLINE
O104531,2025-08-22,MG001,A200,56.15,1,C5846,MarketPlace
O104771,2025-08-26,RJ001,C200,221.0,1,C4264,online
O100693,2025-06-13,RJ001,B100,81.18,1,C7044,market_place
O101596,2025-07-02,SP001,C200,194.84,1,C3173,store
O104763,2025-08-26,SP002,C200,190.68,2,C7082,online
O102534,2025-07-19,RJ001,B200,117.05,2,C7852,store
O104780,2025-08-26,MG001,B100,79.58,1,C7607,marketplace
O100687,2025-06-13,RJ001,C200,198.17,1,C2063,IN_STORE
O100642,2025-06-12,MG001,C200,183.05,2,C8840,IN_STORE
O102300,2025-07-15,SP001,B100,79.88,3,C4004,IN_STORE
O103405,2025-08-04,SP001,B100,0.0,2,C8778,In-Store
O102162,2025-07-12,RJ001,C100,164.83,4,C9784,marketplace
O104044,2025-08-15,SP001,A100,37.38,4,C7769,market_place
O103706,2025-08-09,SP002,A100,39.31,1,C3321,on-line
O103774,2025-08-10,SP002,C200,208.4,2,C7449,market_place
O100427,2025-06-08,RJ001,B100,84.09,1,C5295,market_place
O100235,2025-06-05,SP001,B100,85.24,1,C2124,Online
O101940,2025-07-08,SP001,B200,116.09,2,C5308,Online
O102565,2025-07-19,MG001,B100,77.89,1,C9887,MarketPlace
O103588,07/08/2025,SP002,B100,79.0,2,C5072,marketplace
O102313,2025-07-15,SP002,C100,131.58,2,C8903,online
O104840,2025-08-27,MG001,A100,44.59,2,C4255,In-Store
O103923,2025-08-12,MG001,A100,40.5,2,C1393,online
O100342,2025/06/07,SP002,C200,206.69,1,C8569,MarketPlace
O100530,2025-06-10,SP002,B200,120.39,1,C8532,ONLINE
O102853,2025-07-25,SP002,C100,162.23,2,C8780,IN_STORE
O104984,2025-08-30,SP002,B100,84.11,3,C1749,marketplace
O101040,2025-06-20,RJ001,B200,119.66,2,C9199,market_place
O100275,2025-06-06,SP001,C200,192.27,1,C7046,market_place
O102463,2025-07-18,SP001,B200,119.96,1,C2032,IN_STORE
O103122,2025-07-30,RJ001,C200,196.42,2,C8210,In-Store
O101043,2025-06-20,RJ001,B200,126.68,1,C2901,Online
O103504,2025-08-05,MG001,A200,61.72,2,C9992,marketplace
O104169,2025-08-17,SP001,B100,76.39,2,C8890,IN_STORE
O100542,2025-06-10,RJ001,C100,154.81,3,C4176,MarketPlace
O101095,2025-06-21,RJ001,C100,138.66,1,C9880,In-Store
O104161,2025-08-17,SP001,A100,36.79,3,C9548,on-line
O103889,2025-08-12,SP001,C100,145.95,1,C2743,marketplace
O101782,2025-07-05,RJ001,B200,123.07,1,C4096,in_store
O105045,2025-08-31,SP002,A200,63.69,3,C8559,on-line
O104419,2025-08-21,SP001,A100,39.2,3,C1483,ONLINE
O102743,2025-07-23,SP001,A200,61.97,3,C7623,marketplace
O104659,2025-08-24,RJ001,B200,123.93,3,C9138,Online
O104111,2025-08-16,SP002,C200,197.4,1,C7891,In-Store
O101218,2025-06-23,MG001,A100,41.59,2,C4287,in_store
O104107,2025-08-16,SP002,C200,198.07,3,C7738,on-line
O100246,2025-06-05,SP002,B200,124.58,2,C4249,market_place
O100835,2025-06-15,MG001,B100,73.01,1,C6890,MarketPlace
O104495,22/08/2025,SP002,B100,83.71,2,C4372,MarketPlace
O102591,2025-07-20,SP002,C200,181.64,3,C9131,Online
O103553,2025-08-06,MG001,C200,211.78,1,C6642,market_place
O103069,2025-07-29,SP002,A200,57.47,2,C5358,on-line
O100450,2025-06-08,MG001,A100,43.44,1,C4990,in_store
O100416,2025-06-08,SP002,A100,40.91,2,C6352,store
O100463,2025-06-09,SP001,B200,121.26,1,C6931,store
O104889,2025-08-28,MG001,C200,199.89,1,C5918,In-Store
O104415,2025-08-21,SP001,C200,195.12,1,C5247,market_place
O102120,2025-07-11,MG001,A100,42.25,3,C6765,IN_STORE
O104656,2025-08-24,RJ001,A200,56.96,1,C7163,online
O100517,2025-06-10,SP001,B200,125.45,2,C5640,ONLINE
O101937,2025-07-08,SP001,A200,59.42,3,C8161,IN_STORE
O104534,2025-08-22,MG001,B100,81.02,1,C5104,In-Store
O102465,2025-07-18,SP002,B200,130.09,1,C8361,marketplace
O100584,2025-06-11,RJ001,A200,59.45,1,C8967,IN_STORE
O102740,2025-07-23,SP001,B200,115.66,2,C2666,market_place
O100531,2025-06-10,SP002,A100,37.62,1,C8033,In-Store
O100168,2025-06-03,MG001,C200,195.02,1,C4228,marketplace
O103820,2025-08-11,SP001,A200,61.53,2,C3167,ONLINE
O104126,16/08/2025,RJ001,A200,61.96,5,C7444,market_place
O102852,25/07/2025,SP002,C200,207.1,1,C6185,on-line
O100881,2025-06-16,MG001,C100,150.68,3,C4943,ONLINE
O102341,2025-07-15,MG001,C200,203.66,2,C7271,in_store
O102738,2025-07-23,SP001,B200,116.73,1,C2392,marketplace
O100449,2025-06-08,MG001,C200,198.73,3,C1349,on-line
O100822,2025-06-15,RJ001,A100,40.98,4,C3662,store
O101139,2025-06-22,SP002,C200,186.98,3,C4836,marketplace
O103422,2025-08-04,SP002,B200,121.73,2,C1715,MarketPlace
O104767,2025-08-26,RJ001,A200,60.21,1,C8763,market_place
O101750,2025-07-05,SP001,A200,59.2,1,C3095,ONLINE
O101590,2025-07-02,SP001,B100,70.13,1,C6617,store
O100954,2025-06-18,MG001,C200,192.61,1,C5914,online
O103306,2025-08-02,RJ001,B100,79.96,3,C2887,Online
O103355,2025-08-03,SP002,C200,185.96,2,C6883,ONLINE
O104472,2025-08-22,SP001,C100,156.1,3,C6738,Online
O101959,2025-07-08,RJ001,A100,42.04,4,C1918,Online
O100224,2025-06-04,MG001,C200,205.18,6,C8657,Online
O103658,2025-08-08,RJ001,C200,202.09,3,C1149,online
O102232,2025-07-13,RJ001,B200,114.18,1,C6468,ONLINE
O103567,2025-08-07,SP001,B100,80.02,2,C8220,in_store
O103918,2025-08-12,RJ001,C100,149.67,2,C5382,market_place
O104151,2025-08-16,MG001,A100,37.83,4,C6921,in_store
O100319,2025-06-06,MG001,A100,40.18,3,C6039,online
O101253,2025-06-24,RJ001,A100,38.85,1,C5896,market_place
O102474,2025-07-18,SP002,B200,114.43,1,C1750,marketplace
O103120,2025-07-30,RJ001,B200,115.86,5,C9502,MarketPlace
O101103,2025-06-21,MG001,C200,198.55,3,C8015,MarketPlace
O102366,2025/07/16,SP002,A200,52.96,3,C2279,in_store
O102371,2025-07-16,SP002,B200,125.28,4,C6431,market_place
O100401,2025-06-08,SP001,B100,76.61,2,C5901,marketplace
O100740,2025-06-14,RJ001,C100,140.72,1,C1797,store
O103165,2025-07-31,SP002,B200,113.81,1,C7798,online
O101991,2025-07-09,SP002,B100,85.68,2,C8951,online
O101770,2025-07-05,SP002,B200,120.36,1,C1639,marketplace
O104710,2025-08-25,RJ001,A100,37.89,1,C5051,online
O104480,2025-08-22,SP001,C100,128.95,5,C2893,ONLINE
O100893,2025-06-17,SP001,B200,121.31,1,C5508,In-Store
O102025,2025-07-10,SP001,A100,38.4,5,C2153,MarketPlace
O104913,2025-08-29,SP001,B200,121.13,1,C6215,Online
O101165,2025-06-22,MG001,A200,58.69,1,C7418,market_place
O103437,2025-08-04,RJ001,C200,193.8,4,C8606,market_place
O104662,2025-08-24,RJ001,C200,209.92,1,C4509,market_place
O103973,2025-08-13,MG001,A200,58.25,1,C5014,Online
O100241,2025-06-05,SP002,C200,183.38,1,C7043,In-Store
O103865,2025-08-11,RJ001,C100,153.47,2,C3711,Online
O102386,2025/07/16,RJ001,A200,60.83,4,,store
O102548,2025-07-19,RJ001,B200,120.81,1,C7460,market_place
O101705,2025-07-04,SP001,C100,147.94,2,C3879,ONLINE
O104373,2025-08-20,RJ001,C200,189.08,2,C9458,ONLINE
O103732,2025-08-09,MG001,C100,151.15,3,C5620,store
O100723,2025-06-14,SP002,B200,121.49,5,C8933,in_store
O102224,2025-07-13,RJ001,B100,80.32,2,C6797,MarketPlace
O104837,27/08/2025,MG001,A100,40.55,1,C9216,online
O101048,2025-06-20,MG001,B200,116.3,3,C8412,market_place
O100386,2025/06/07,MG001,A200,63.4,1,C2480,marketplace
O104604,2025-08-23,MG001,A200,58.94,1,C9672,marketplace
O101682,2025-07-03,MG001,A200,60.98,1,C9397,store
O102643,2025-07-21,SP001,C100,143.82,3,C4533,Online
O104590,2025-08-23,MG001,B200,114.17,1,C3052,online
O100521,2025-06-10,SP001,C100,143.72,3,C1125,on-line
O103560,2025-08-06,MG001,C200,196.88,1,C3795,In-Store
O100099,2025-06-02,SP002,B200,0.0,2,C7930,In-Store
O102441,2025-07-17,RJ001,A100,38.69,1,C7397,marketplace
O102535,2025-07-19,RJ001,A200,56.7,1,C4602,In-Store
O103113,2025-07-30,SP002,B100,73.03,1,C4154,market_place
O103007,2025-07-28,SP001,B100,72.84,1,C3049,Online
O104507,2025-08-22,RJ001,A100,36.86,1,C8213,on-line
O103151,2025-07-31,SP001,C200,206.59,4,C5544,in_store
O104650,2025-08-24,RJ001,B100,68.12,3,C9402,in_store
O100208,2025-06-04,RJ001,B100,79.4,1,C6238,In-Store
O101369,2025-06-27,SP001,C100,137.85,2,,marketplace
O103634,2025-08-08,SP002,A200,55.71,5,C5643,market_place
O100479,2025-06-09,SP002,B200,120.14,4,C4743,in_store
O100486,2025-06-09,RJ001,A100,38.89,1,C2582,store
O101427,2025/06/28,RJ001,B200,132.12,2,C6713,store
O104774,2025-08-26,RJ001,A100,41.51,2,C8679,marketplace
O103762,2025-08-10,SP001,A200,55.69,5,C9652,MarketPlace
O102704,2025-07-22,RJ001,A100,40.66,1,C9412,Online
O100032,2025-06-01,SP002,B100,75.83,3,C4598,MarketPlace
O100097,2025-06-02,SP002,A100,40.72,1,C7209,ONLINE
O103970,2025-08-13,RJ001,C200,202.46,2,C2208,market_place
O101151,2025-06-22,RJ001,A200,52.87,1,C3340,market_place
O100410,2025-06-08,SP002,B100,81.84,1,C6772,ONLINE
O103278,02/08/2025,SP002,C200,184.38,4,C8284,MarketPlace
O103720,2025-08-09,RJ001,A200,58.25,5,C8104,in_store
O103686,2025-08-09,SP001,C100,145.79,2,C2047,In-Store
O102885,2025-07-26,SP001,B100,81.66,1,C8837,store
O103887,2025-08-12,SP001,B100,82.03,3,C5582,on-line
O102190,2025-07-12,MG001,A200,62.12,5,C3930,online
O100423,2025-06-08,SP002,A200,58.72,2,C7511,on-line
O103793,2025-08-10,RJ001,A100,37.74,1,C4251,In-Store
O100927,2025-06-18,SP001,B100,78.27,1,C4214,online
O101531,2025-06-30,MG001,C200,217.98,1,C7909,In-Store
O102304,2025-07-15,SP001,A100,43.75,3,C8842,store
O104441,2025-08-21,RJ001,B100,79.97,1,C9653,on-line
O100842,2025/06/16,SP001,A200,63.34,1,C8834,ONLINE
O101420,2025-06-28,SP002,C200,187.75,4,C5408,online
O102503,2025-07-19,SP001,C100,151.07,1,C4144,Online
O102026,2025-07-10,SP001,B100,79.55,5,C4537,Online
O101876,2025-07-06,MG001,B200,116.94,1,C3389,Online
O102197,2025-07-13,SP001,B200,127.96,3,C1094,marketplace
O100094,2025-06-02,SP002,A100,39.64,3,C4872,on-line
O103439,2025-08-04,RJ001,A100,39.09,3,C4969,marketplace
O100832,2025-06-15,MG001,B100,85.81,1,C4858,IN_STORE
O104699,2025-08-25,SP002,C200,0.0,3,C9497,on-line
O102255,2025-07-14,SP001,C200,205.39,1,C5448,ONLINE
O101264,2025-06-24,MG001,A200,61.78,3,C6432,on-line
O102000,2025-07-09,SP002,C100,142.37,3,C8439,In-Store
O100377,2025-06-07,MG001,C200,188.69,3,C7717,online
O101096,2025-06-21,RJ001,A100,36.71,1,C8231,MarketPlace
O101990,2025-07-09,SP002,B100,78.83,1,C3207,market_place
O100859,2025-06-16,SP002,C200,201.56,4,C1356,IN_STORE
O101337,2025-06-26,SP002,C100,151.1,3,C6536,online
O103892,2025-08-12,SP001,B200,115.93,2,C6312,online
O102911,2025-07-26,SP002,A200,55.23,4,C7513,in_store
O104643,2025-08-24,SP002,B100,76.36,2,C2965,ONLINE
O104768,2025-08-26,RJ001,A100,39.92,3,C7820,store
O105080,2025-08-31,MG001,A200,54.61,1,C5789,MarketPlace
O104220,2025-08-17,MG001,B200,117.65,6,C2989,MarketPlace
O101327,2025-06-26,SP001,B200,117.42,1,C7875,in_store
O104499,2025-08-22,RJ001,C200,202.25,2,C9631,Online
O103733,2025-08-09,MG001,C100,147.19,1,C2623,IN_STORE
O100839,2025-06-16,SP001,C200,204.03,2,C6095,MarketPlace
O102826,2025-07-24,MG001,C200,188.11,1,C4868,marketplace
O103048,2025-07-29,SP001,A200,60.36,2,C1523,MarketPlace
O100323,2025-06-06,MG001,B100,82.44,5,C9847,market_place
O104693,2025-08-25,SP001,C100,157.83,2,C2807,on-line
O100994,2025-06-19,RJ001,C100,149.07,5,C6315,market_place
O104638,2025-08-24,SP002,C100,148.35,1,,MarketPlace
O103328,2025-08-02,MG001,B100,78.29,1,C1872,Online
O101466,2025-06-29,SP002,C200,188.36,1,C6134,online
O103078,2025-07-29,RJ001,A100,38.1,3,C6542,on-line
O101383,2025-06-27,SP002,A200,56.82,1,C2641,Online
O103382,2025-08-03,RJ001,B200,128.33,3,C7608,MarketPlace
O101943,2025-07-08,SP001,B100,82.06,1,C9715,MarketPlace
O105084,2025-08-31,MG001,B100,81.15,1,C9332,In-Store
O104630,2025-08-24,SP002,A200,51.42,1,C5716,on-line
O102756,2025-07-23,RJ001,A200,58.71,1,C2578,In-Store
O101609,2025-07-02,SP002,A200,55.41,1,C1529,MarketPlace
O101903,2025-07-07,SP002,B100,75.13,1,C6950,In-Store
O100337,2025-06-07,SP001,C200,206.55,2,C5722,In-Store
O102092,2025-07-11,RJ001,A200,64.37,6,C7124,marketplace
O100829,2025-06-15,MG001,A100,44.71,3,C2562,store
O102252,2025-07-14,SP001,A200,62.44,1,C7382,market_place
O100132,2025-06-02,MG001,C100,144.84,1,C5114,In-Store
O100776,2025-06-15,SP001,B100,81.73,3,C3481,In-Store
O102373,2025-07-16,SP002,B100,76.21,1,C1578,ONLINE
O102052,2025-07-10,RJ001,A100,41.14,1,C8542,ONLINE
O102334,2025-07-15,MG001,A100,38.08,3,C1133,market_place
O103576,2025-08-07,SP001,A100,39.27,2,C9557,on-line
O104947,2025-08-29,MG001,A200,63.44,1,C6523,online
O101624,2025-07-02,MG001,A100,43.42,2,C1665,IN_STORE
O100700,2025-06-13,MG001,B200,116.07,3,C9476,in_store
O102469,2025-07-18,SP002,C200,194.66,1,C9570,marketplace
O105023,2025-08-31,SP001,B200,118.16,5,C5690,In-Store
O102574,2025-07-20,SP001,A200,55.04,1,C4909,store
O103177,2025-07-31,SP002,B100,83.82,1,C7152,IN_STORE
O103618,2025-08-07,MG001,C200,209.44,2,C8159,marketplace
O101296,2025-06-25,RJ001,C100,0.0,3,C9064,Online
O100868,2025-06-16,RJ001,B200,117.89,3,C2314,in_store
O103005,2025-07-27,MG001,B100,79.01,1,C6910,market_place
O103345,2025-08-03,SP001,B100,74.64,1,C2388,In-Store
O101974,08/07/2025,MG001,A100,42.27,2,C8113,on-line
O100907,2025/06/17,RJ001,C200,212.22,1,C8369,Online
O103368,03/08/2025,SP002,B200,120.44,2,C9399,market_place
O100672,2025-06-13,SP002,B100,77.59,3,C1530,in_store
O103033,28/07/2025,RJ001,C200,196.45,2,C8688,on-line
O104298,2025-08-19,SP002,A100,38.13,1,C1284,online
O103029,2025-07-28,RJ001,B200,113.91,1,C9106,ONLINE
O100847,2025-06-16,SP001,C100,141.93,4,C9653,In-Store
O104560,2025-08-23,SP002,C200,206.6,3,C2169,IN_STORE
O102527,2025-07-19,SP002,A200,59.57,6,C8454,MarketPlace
O102122,2025-07-11,MG001,A200,55.72,1,C5519,market_place
O100302,06/06/2025,RJ001,B200,120.07,1,C8025,store
O103743,2025-08-09,MG001,C200,200.05,4,C7852,online
O100034,2025-06-01,SP002,A200,58.92,2,C6168,online
O104715,2025-08-25,RJ001,C100,149.28,2,C7805,market_place
O103988,14/08/2025,SP001,A200,56.79,2,C2506,in_store
O102877,2025-07-25,MG001,C200,201.15,1,C4010,MarketPlace
O100763,2025-06-14,MG001,C100,140.24,1,C9025,marketplace
O103994,2025-08-14,SP001,B100,75.94,2,C7637,marketplace
O102561,2025-07-19,MG001,C200,193.31,1,C1022,MarketPlace
O103111,2025-07-30,SP002,C200,206.03,8,C9514,store
O104191,2025-08-17,SP002,C200,202.17,1,C7094,in_store
O102502,2025-07-19,SP001,B100,81.24,2,C1074,store
O100433,2025-06-08,RJ001,C200,190.87,4,C2911,In-Store
O101495,2025-06-29,MG001,C200,2044.7,2,C1790,on-line
O100093,2025-06-02,SP002,A100,40.55,4,C9856,MarketPlace
O104873,2025/08/28,RJ001,B100,85.25,1,C2889,on-line
O100206,2025-06-04,SP002,B100,83.36,2,C2269,In-Store
O103267,2025-08-02,SP001,C100,146.93,1,C4819,in_store
O102741,2025-07-23,SP001,C200,188.23,2,C2060,Online
O102729,2025-07-22,MG001,A100,41.54,2,C9088,In-Store
O101658,2025-07-03,RJ001,A100,37.48,1,C6434,in_store
O101443,2025-06-28,MG001,C100,147.72,1,C4111,MarketPlace
O100906,17/06/2025,RJ001,B100,77.52,1,C6411,on-line
O103208,2025-08-01,SP001,B100,76.67,6,C8533,Online
O104087,2025-08-16,SP001,B200,115.76,1,C8361,Online
O100383,2025-06-07,MG001,B100,74.22,2,C8994,MarketPlace
O100499,2025-06-09,MG001,B200,121.19,1,C1430,marketplace
O105009,2025-08-30,MG001,C100,152.89,3,C8070,store
O101982,2025-07-09,SP001,C200,207.32,4,C6544,marketplace
O103748,2025-08-09,MG001,B100,77.05,4,C2424,MarketPlace
O101925,2025-07-07,MG001,C100,143.74,2,C9745,market_place
O100632,2025-06-12,RJ001,C100,149.31,4,C9312,MarketPlace
O104312,2025-08-19,RJ001,C200,194.93,1,C6852,Online
O104761,2025-08-26,SP002,C100,142.82,1,C3718,MarketPlace
O101351,2025-06-26,RJ001,A200,54.59,3,C5781,on-line
O101696,2025-07-04,SP001,C200,214.64,1,C3496,MarketPlace
O101683,2025-07-03,MG001,A200,59.16,2,C4014,on-line
O101320,2025-06-26,SP001,C200,200.36,1,C4899,on-line
O104559,2025-08-23,SP002,B100,84.99,1,C7084,marketplace
O103681,2025-08-09,SP001,B100,74.94,1,C3051,market_place
O103102,2025-07-30,SP001,C100,155.71,1,C1982,on-line
O103600,2025-08-07,RJ001,C100,150.99,4,C3345,Online
O102711,2025-07-22,RJ001,A100,42.76,3,C5544,ONLINE
O103708,2025-08-09,SP002,C100,155.06,2,C4539,marketplace
O103389,2025-08-03,MG001,A200,58.13,3,C2779,IN_STORE
O101065,2025-06-21,SP001,B100,79.06,1,C9019,marketplace
O104705,2025-08-25,SP002,C100,148.64,1,C5074,MarketPlace
O103945,2025-08-13,SP001,C200,200.14,2,C3370,IN_STORE
O101638,2025-07-03,SP001,C200,194.55,2,C6424,IN_STORE
O101064,2025-06-21,SP001,A200,59.12,2,C2867,store
O103854,2025-08-11,RJ001,A100,36.88,1,C4140,ONLINE
O102339,2025-07-15,MG001,A100,42.17,4,C1510,In-Store
O102125,2025-07-12,SP001,A200,61.5,1,C6599,on-line
O103666,2025-08-08,MG001,C200,200.5,1,C7619,MarketPlace
O103959,2025-08-13,SP002,A100,40.08,5,C8764,store
O101284,2025-06-25,SP002,C100,152.47,5,C1480,on-line
O101845,2025-07-06,SP002,B200,106.64,2,C4271,market_place
O102212,2025-07-13,SP002,B200,118.75,2,C6901,market_place
O102838,2025-07-25,SP001,A100,41.99,2,C6954,In-Store
O104648,2025-08-24,SP002,C200,206.68,3,C6359,ONLINE
O101155,2025-06-22,RJ001,C200,191.89,2,C3480,market_place
O104963,2025-08-30,SP001,A200,53.38,1,C9765,Online
O102257,2025-07-14,SP001,A200,54.04,4,C8404,in_store
O103420,2025-08-04,SP002,B200,124.14,1,C4005,store
O102058,2025-07-10,MG001,C200,190.63,1,C8905,in_store
O101793,2025-07-05,RJ001,A200,59.57,1,C8925,store
O104057,2025-08-15,SP002,B100,81.34,3,C6198,ONLINE
O100651,2025-06-13,SP001,C200,211.3,2,C5476,in_store
O104145,2025-08-16,MG001,B100,73.72,3,C1847,market_place
O101616,2025-07-02,RJ001,C200,203.99,3,C1881,store
O103492,2025-08-05,RJ001,B100,85.63,1,C1648,IN_STORE
O102582,2025-07-20,SP002,C100,143.53,2,C3010,marketplace
O100889,2025-06-17,SP001,A200,63.87,1,C6224,market_place
O101189,2025-06-23,SP002,A100,42.04,1,C1901,in_store
O100127,2025-06-02,MG001,B100,72.27,3,C2753,ONLINE
O102752,2025-07-23,SP002,B200,120.8,1,C3205,on-line
O104148,2025-08-16,MG001,A100,43.67,1,C3010,in_store
O104254,2025-08-18,SP002,A200,48.32,4,C4079,store
O104906,2025-08-29,SP001,A200,62.52,4,C7131,market_place
O102379,2025-07-16,SP002,B100,83.09,1,C2351,In-Store
O102647,2025-07-21,SP001,A200,56.11,1,C2410,MarketPlace
O101886,2025-07-06,MG001,B200,110.85,3,C6483,market_place
O103898,2025-08-12,SP002,B200,125.49,3,C3885,on-line
O100249,2025-06-05,RJ001,C200,205.91,1,C2983,marketplace
O103683,2025-08-09,SP001,C200,199.19,1,C4029,MarketPlace
O103484,2025/08/05,SP002,B100,79.32,2,C8020,online
O100850,2025-06-16,SP002,C100,141.13,2,C4312,marketplace
O102372,2025-07-16,SP002,B200,123.69,8,C5827,store
O101169,2025-06-22,MG001,C200,189.13,4,C2163,MarketPlace
O104903,2025-08-28,MG001,B100,73.73,3,C4024,online
O102938,2025-07-26,RJ001,A100,37.34,4,C6841,In-Store
O103682,2025-08-09,SP001,A100,40.24,1,C2040,store
O100324,2025-06-07,SP001,B200,121.95,2,C2317,In-Store
O104263,2025-08-18,RJ001,B100,75.85,1,C2938,store
O102367,2025-07-16,SP002,C200,208.16,1,C9834,MarketPlace
O100726,2025-06-14,SP002,C200,206.4,1,C6658,in_store
O102457,2025-07-18,SP001,C200,209.9,1,C2749,in_store
O101164,22/06/2025,MG001,A200,58.91,3,C9348,marketplace
O100887,2025-06-17,SP001,C100,160.23,4,C1924,on-line
O101010,20/06/2025,SP001,B100,77.62,5,C6484,in_store
O100413,2025-06-08,SP002,C200,212.22,2,C1645,Online
O103062,2025-07-29,SP002,C200,211.4,3,C8233,store
O103218,2025-08-01,SP002,B200,125.92,1,C6864,MarketPlace
O102057,2025-07-10,MG001,C100,145.75,2,C2264,on-line
O104859,2025-08-28,SP002,B100,85.01,1,C3901,online
O101905,2025-07-07,SP002,B200,128.89,4,C3741,in_store
O100838,2025-06-16,SP001,B100,81.99,1,,on-line
O101515,2025-06-30,RJ001,C100,144.92,1,C9095,marketplace
O101227,2025-06-24,SP001,C200,180.22,2,C6038,market_place
O102083,2025-07-11,SP002,B100,76.52,3,C6298,store
O104911,2025-08-29,SP001,C200,202.86,2,C8593,in_store
O101404,2025-06-28,SP001,B100,79.6,1,C9303,MarketPlace
O103857,2025-08-11,RJ001,B200,124.95,2,C2923,market_place
O104601,2025-08-23,MG001,C200,214.56,2,C3070,online
O101305,2025-06-25,MG001,A100,39.54,4,C6978,market_place
O102695,2025-07-22,SP002,B200,122.16,1,C9570,MarketPlace
O101472,2025-06-29,SP002,B200,119.77,1,C8821,in_store
O102922,26/07/2025,SP002,A200,56.58,2,C9074,marketplace
O104556,2025-08-23,SP002,A100,39.34,1,C9305,ONLINE
O101115,2025-06-22,SP001,A200,57.42,1,C7434,market_place
O100437,2025-06-08,RJ001,A200,63.55,4,C8432,store
O100609,2025-06-12,SP001,A100,41.24,1,,store
O103079,2025-07-29,RJ001,B100,86.94,4,C3692,in_store
O101156,2025-06-22,RJ001,B200,115.37,1,C8248,MarketPlace
O104222,2025-08-17,MG001,A100,41.86,1,C1783,online
O100326,2025-06-07,SP001,C200,201.95,5,C5102,In-Store
O104209,2025-08-17,RJ001,A100,39.08,4,C1076,market_place
O100387,2025-06-07,MG001,B200,115.65,1,C2646,on-line
O102950,2025-07-27,SP001,A100,40.89,1,C2998,store
O104608,2025-08-23,MG001,B100,80.42,4,C2765,IN_STORE
O104172,2025-08-17,SP001,B200,115.4,1,C9123,marketplace
O100993,2025-06-19,RJ001,A100,38.45,1,C2524,IN_STORE
O103407,2025-08-04,SP001,C100,153.05,1,C9232,Online
O103607,2025-08-07,RJ001,A200,57.9,1,C2465,MarketPlace
O104623,2025-08-24,SP001,C100,146.6,3,C7990,market_place
O104418,2025-08-21,SP001,C100,145.13,2,C7615,MarketPlace
O104912,2025-08-29,SP001,C200,212.26,5,C2569,ONLINE
O100391,2025-06-08,SP001,B100,78.49,1,C3385,IN_STORE
O101368,2025-06-27,SP001,B200,116.8,1,C1568,MarketPlace
O101880,2025-07-06,MG001,C100,133.89,2,C6172,marketplace
O101292,2025-06-25,RJ001,A200,60.59,2,C6210,marketplace
O104186,2025-08-17,SP002,B100,69.45,5,C9691,market_place
O103239,2025-08-01,RJ001,A100,39.41,1,C1849,In-Store
O103915,2025-08-12,RJ001,C100,148.53,1,C3672,IN_STORE
O104432,2025-08-21,SP002,A200,60.95,1,C9046,IN_STORE
O103983,2025-08-13,MG001,A200,53.17,1,,on-line
O104267,2025-08-18,RJ001,C100,150.44,3,C1870,store
O101499,2025-06-30,SP001,C200,189.87,1,C4366,Online
O101118,2025-06-22,SP001,B200,117.73,4,C2525,online
O104723,2025-08-25,RJ001,A100,39.79,1,C8723,In-Store
O103509,2025-08-05,MG001,C100,157.28,5,C5966,Online
O103622,2025-08-07,MG001,C200,203.75,1,C4082,market_place
O101483,2025-06-29,RJ001,C200,204.18,2,C9587,market_place
O104943,2025-08-29,MG001,B100,81.95,2,C6489,store
O104287,19/08/2025,SP001,A200,57.46,1,C8811,MarketPlace
O100871,2025-06-16,MG001,A100,41.12,1,C9802,online
O103996,2025-08-14,SP002,B100,75.21,2,C7950,MarketPlace
O102345,2025-07-15,MG001,C100,136.95,1,C6902,In-Store
O104700,2025-08-25,SP002,A200,60.99,4,C9773,In-Store
O103476,2025-08-05,SP002,C200,203.32,1,C7366,marketplace
O101645,2025-07-03,SP001,B200,126.02,5,C7322,ONLINE
O101650,2025-07-03,SP002,C200,204.46,1,C6248,Online
O104998,2025-08-30,RJ001,B100,86.46,2,C6674,store
O102836,2025-07-25,SP001,A100,40.35,1,C2375,online
O104784,2025-08-26,MG001,A100,38.41,1,C4546,market_place
O102778,2025/07/23,MG001,A100,40.79,2,C1739,market_place
O101389,2025-06-27,RJ001,B200,123.05,2,C7581,Online
O102650,2025-07-21,SP002,A100,43.25,1,C7156,marketplace
O102147,2025-07-12,SP002,C200,209.42,1,C6886,online
O104833,2025-08-27,MG001,B100,82.62,1,C6185,marketplace
O104809,2025-08-27,SP002,C200,195.86,2,C7948,In-Store
O104777,2025-08-26,MG001,B100,79.22,1,C1231,marketplace
O103116,2025-07-30,SP002,B200,115.83,2,C2511,Online
O103051,2025-07-29,SP001,A100,42.1,2,C4671,MarketPlace
O102155,2025-07-12,RJ001,B200,115.78,2,C4323,Online
O102623,2025-07-20,MG001,B200,118.43,2,C3409,store
O103947,2025-08-13,SP002,A200,63.3,1,C6777,In-Store
O101670,2025-07-03,RJ001,C200,218.65,2,C2417,In-Store
O100568,2025-06-11,SP001,C100,155.42,4,C6962,ONLINE
O102908,2025-07-26,SP002,B100,82.59,4,C8388,ONLINE
O105075,2025-08-31,MG001,C200,202.65,2,C6024,in_store
O104850,2025-08-28,SP001,A200,59.45,1,C4563,ONLINE
O102381,2025-07-16,RJ001,B100,80.23,1,C3171,In-Store
O102882,2025-07-25,MG001,A200,57.69,3,C9460,on-line
O102341,2025-07-15,MG001,C200,203.66,2,C7271,in_store
O101553,2025-07-01,SP002,B100,76.93,2,C9305,online
O104722,2025/08/25,RJ001,B100,84.1,1,C4320,in_store
O102432,17/07/2025,SP002,A200,63.07,2,C7432,MarketPlace
O101889,2025-07-07,SP001,B100,74.17,3,C7746,Online
O102579,2025-07-20,SP001,C200,202.4,2,C5540,store
O101235,2025-06-24,SP002,A200,62.56,1,C7461,marketplace
O100434,2025-06-08,RJ001,A200,52.82,1,C1609,online
O100932,2025-06-18,SP002,B200,114.25,2,C6770,ONLINE
O101465,2025-06-29,SP002,A100,40.07,1,C6449,store
O104691,2025-08-25,SP001,B100,74.9,3,C7714,IN_STORE
O104389,2025-08-20,RJ001,B200,115.99,4,C1354,Online
O101323,2025-06-26,SP001,B200,117.35,4,C5345,online
O102032,2025-07-10,SP001,C100,161.17,2,C7802,marketplace
O103340,2025-08-03,SP001,C200,192.75,1,C1599,marketplace
O100438,2025-06-08,RJ001,B100,86.92,2,C9850,MarketPlace
O104592,2025-08-23,MG001,C200,201.36,2,C3263,MarketPlace
O104211,2025-08-17,RJ001,B200,125.55,2,C9740,Online
O100811,2025-06-15,RJ001,C200,196.28,2,C4804,MarketPlace
O104064,2025-08-15,RJ001,C100,136.09,1,C2022,store
O100929,2025-06-18,SP001,C100,156.51,1,C9180,ONLINE
O100496,2025-06-09,RJ001,A200,52.28,1,C6736,on-line
O100777,2025-06-15,SP001,B200,121.3,4,C4340,market_place
O101924,2025-07-07,MG001,C200,213.48,2,C8126,MarketPlace
O101617,2025-07-02,RJ001,A100,40.72,1,C5117,MarketPlace
O104149,2025-08-16,MG001,A100,39.39,1,C5627,on-line
O103599,2025-08-07,RJ001,C200,188.35,2,C5814,store
O100621,2025-06-12,SP002,A200,56.61,2,C2996,store
O104684,2025-08-25,SP001,A200,58.53,4,C1996,in_store
O102553,2025-07-19,RJ001,A200,58.34,3,C6872,ONLINE
O103558,2025-08-06,MG001,C200,214.3,1,C9600,store
O103046,2025-07-28,MG001,A100,39.0,2,C5273,In-Store
O101615,2025-07-02,RJ001,B200,120.34,1,C7825,store
O102828,2025-07-24,MG001,A200,61.64,1,C1453,on-line
O100550,2025-06-10,MG001,C200,201.28,3,C3473,in_store
O102508,2025-07-19,SP001,B100,71.57,1,C4173,on-line
O100200,2025-06-04,SP002,B200,113.01,1,C9270,market_place
O104498,2025-08-22,RJ001,B100,78.14,1,C5795,marketplace
O102233,2025-07-13,RJ001,B100,76.9,5,C4478,MarketPlace
O103369,2025-08-03,RJ001,A200,67.54,1,C4728,store
O103878,2025-08-11,MG001,C200,202.64,1,C5550,online
O104741,2025-08-26,SP001,A100,44.75,2,C5129,store
O102694,2025-07-22,SP001,C200,195.01,1,C3277,store
O100563,2025-06-11,SP001,B200,117.84,2,C6626,Online
O102281,2025-07-14,RJ001,A100,38.09,1,C9888,ONLINE
O104080,2025-08-15,MG001,A100,38.07,1,C4253,market_place
O103296,2025-08-02,SP002,C100,147.42,3,C7859,store
O104134,2025-08-16,RJ001,C200,183.63,4,C3605,In-Store
O101431,2025-06-28,RJ001,A100,40.94,3,C7131,marketplace
O102308,2025-07-15,SP002,C200,196.93,2,C6339,online
O101785,2025-07-05,RJ001,C100,143.66,1,C7144,ONLINE
O103350,2025-08-03,SP002,B200,114.98,4,C8660,store
O103796,2025-08-10,RJ001,B200,123.91,2,C6426,MarketPlace
O104752,2025-08-26,SP002,A200,58.47,2,C2990,MarketPlace
O102680,2025-07-21,MG001,C100,151.3,1,C6180,In-Store
O101961,2025-07-08,RJ001,C100,151.16,4,,in_store
O101341,2025-06-26,RJ001,A200,60.65,1,C2659,on-line
O100472,2025-06-09,SP001,C100,143.52,5,C2076,Online
O104758,2025-08-26,SP002,B100,82.8,4,C8134,on-line
O104403,2025-08-20,MG001,B200,117.11,1,C8509,market_place
O101797,2025-07-05,RJ001,B200,117.22,1,C3650,marketplace
O104978,2025-08-30,SP002,C100,140.89,4,C5967,In-Store
O103152,2025-07-31,SP001,C200,208.18,4,C3713,online
O100824,2025-06-15,MG001,C200,189.95,1,C1230,on-line
O103575,2025-08-07,SP001,A100,40.41,5,C1685,marketplace
O102524,2025-07-19,SP002,B200,124.34,2,C2204,on-line
O103982,2025-08-13,MG001,C100,140.45,3,C9245,on-line
O103715,2025-08-09,RJ001,C200,197.53,1,C9780,on-line
O101618,2025-07-02,RJ001,A200,58.18,2,C8259,market_place
O103490,2025-08-05,RJ001,C200,212.21,1,,marketplace
O104029,2025-08-14,MG001,A100,42.67,2,C3336,Online
O103505,2025-08-05,MG001,A200,60.34,2,C9313,on-line
O100662,2025-06-13,SP002,B200,121.28,2,C7981,market_place
O103561,2025-08-06,MG001,A200,55.69,2,C4053,IN_STORE
O100151,2025-06-03,SP002,B100,80.98,3,C2771,ONLINE
O103326,2025-08-02,MG001,A100,39.96,5,C4098,market_place
O102447,2025-07-17,MG001,A200,53.85,1,,online
O104653,2025-08-24,RJ001,C200,199.07,2,C6202,MarketPlace
O104876,2025-08-28,RJ001,C100,153.11,3,C7099,In-Store
O100729,2025/06/14,SP002,B100,77.89,1,C8642,ONLINE
O103584,2025-08-07,SP002,B100,82.31,4,C1050,online
O102809,2025-07-24,SP002,C100,141.41,1,C8092,in_store
O102518,2025-07-19,SP002,A100,40.93,2,C4855,on-line
O103014,2025-07-28,SP001,B200,119.02,1,C8765,ONLINE
O104664,2025-08-24,RJ001,B200,120.61,2,C4416,market_place
O103314,2025-08-02,RJ001,A200,60.38,2,C2657,In-Store
O104905,2025-08-29,SP001,A100,44.86,2,C5009,market_place
O101068,2025-06-21,SP001,C100,161.69,3,C6700,Online
O101345,2025-06-26,RJ001,B100,74.36,4,C2571,ONLINE
O101304,2025-06-25,MG001,A200,59.75,4,C3320,market_place
O104948,2025-08-29,MG001,C200,206.59,1,C5224,marketplace
O102209,2025-07-13,SP002,A100,40.34,3,C3920,store
O103289,2025-08-02,SP002,C100,149.38,2,C7915,on-line
O104448,2025-08-21,RJ001,C100,167.35,2,C2653,in_store
O100057,2025-06-01,MG001,A200,57.67,2,C3646,in_store
O103246,2025-08-01,MG001,A100,41.25,4,C4188,store
O104803,2025-08-27,SP002,C200,191.87,1,C3341,store
O101204,2025-06-23,RJ001,C100,151.68,1,C2889,MarketPlace
O102242,2025-07-13,MG001,B200,123.1,4,C3224,on-line
O101814,2025-07-05,MG001,B100,77.24,3,C1004,online
O100062,2025-06-01,MG001,A200,591.5,5,C2290,MarketPlace
O102913,2025-07-26,SP002,C200,209.72,1,C5198,In-Store
O104493,2025-08-22,SP002,B200,112.27,4,C3005,market_place
O101749,2025-07-05,SP001,C200,184.8,2,C1367,IN_STORE
O100502,2025-06-09,MG001,C200,196.05,1,C6567,IN_STORE
O102183,2025/07/12,MG001,A100,42.25,1,C8362,ONLINE
O103736,2025-08-09,MG001,C200,218.33,1,C9711,marketplace
O104024,2025-08-14,MG001,B100,78.14,3,C6903,store
O100314,2025-06-06,RJ001,C200,211.16,1,C5334,Online
O101459,2025-06-29,SP001,A100,41.32,1,C7253,marketplace
O102907,2025-07-26,SP002,A200,64.22,3,C5754,ONLINE
O103171,2025-07-31,SP002,A200,57.25,2,C7672,IN_STORE
O100971,2025-06-19,SP001,C100,140.67,2,C9856,In-Store
O100990,2025-06-19,RJ001,A200,59.69,1,C4070,Online
O100135,2025-06-03,SP001,B100,78.56,2,C5291,ONLINE
O103602,2025-08-07,RJ001,A100,37.62,3,C9158,on-line
O104544,2025-08-23,SP001,B100,79.07,1,C5252,In-Store
O104781,2025-08-26,MG001,B100,75.5,1,C9864,marketplace
O101730,2025-07-04,RJ001,A100,40.15,4,C6309,market_place
O104548,2025-08-23,SP001,A200,57.25,2,C1630,ONLINE
O102958,27/07/2025,SP001,A200,63.63,1,C5635,Online
O100996,2025-06-19,RJ001,B200,0.0,3,C2387,IN_STORE
O103500,2025-08-05,MG001,C200,204.41,1,C2058,ONLINE
O101240,2025-06-24,SP002,B100,77.16,5,C5455,In-Store
O101517,2025-06-30,RJ001,A100,41.12,2,C2659,market_place
O102450,2025-07-17,MG001,B100,77.0,1,C5961,market_place
O102468,2025-07-18,SP002,B200,109.26,2,C4468,ONLINE
O100828,2025-06-15,MG001,B200,116.83,1,C6372,market_place
O103383,2025-08-03,RJ001,C200,200.33,1,C5909,marketplace
O102067,2025-07-10,MG001,A100,38.35,1,C9846,store
O100219,2025-06-04,MG001,C200,198.65,2,C9947,market_place
O103244,2025-08-01,MG001,A100,39.86,4,C7882,In-Store
O104875,2025-08-28,RJ001,B200,121.71,1,C8655,on-line
O104319,2025-08-19,RJ001,B100,87.7,3,C6715,marketplace
O103895,2025-08-12,SP001,C200,195.48,3,C8109,market_place
O104724,2025-08-25,MG001,B200,118.44,1,C8037,in_store
O104085,2025-08-16,SP001,A100,38.21,1,C7658,market_place
O102113,2025-07-11,MG001,B200,129.61,6,C2631,marketplace
O102625,2025-07-20,MG001,B100,76.37,1,C2840,market_place
O102268,2025-07-14,SP002,B200,116.23,2,C9558,IN_STORE
O104822,2025-08-27,RJ001,C100,147.72,3,C8446,MarketPlace
O100064,2025-06-01,MG001,A100,39.91,1,C3060,market_place
O103769,2025-08-10,SP002,B200,137.42,6,C7115,online
O101051,2025-06-20,MG001,A100,41.87,1,C2791,in_store
O103941,2025-08-13,SP001,A200,59.89,5,C3401,market_place
O101286,25/06/2025,SP002,C100,154.64,1,C4813,IN_STORE
O101185,2025/06/23,SP001,B200,117.56,1,C2083,market_place
O104225,2025-08-17,MG001,A200,58.56,2,C2442,on-line
O102769,2025-07-23,MG001,C200,201.82,1,C8986,IN_STORE
O101978,2025-07-08,MG001,A100,37.65,1,C8786,marketplace
O101097,2025-06-21,MG001,C100,153.88,1,C7965,ONLINE
O100447,2025-06-08,MG001,B200,117.86,1,C4109,store
O100588,2025-06-11,RJ001,C200,190.37,1,C1618,MarketPlace
O104735,2025-08-26,SP001,A200,55.3,1,C2370,marketplace
O103282,2025-08-02,SP002,C100,136.54,2,C6861,MarketPlace
O101891,2025-07-07,SP001,C100,153.4,3,C9821,marketplace
O103465,2025-08-05,SP001,A200,65.55,5,C2734,ONLINE
O100988,2025-06-19,RJ001,A100,43.76,3,C8286,in_store
O102648,2025-07-21,SP001,A200,58.97,4,C5968,Online
O102041,2025-07-10,SP002,C200,201.35,1,C4943,In-Store
O103075,2025-07-29,RJ001,C100,141.51,2,C6927,marketplace
O104365,2025-08-20,SP002,C200,196.35,4,C8582,online
O100309,2025-06-06,RJ001,A100,39.81,1,C8381,store
O103939,2025-08-13,SP001,C200,195.2,5,C5348,In-Store
O100091,2025-06-02,SP002,B100,81.69,1,C5092,IN_STORE
O102247,2025-07-13,MG001,C100,134.3,1,C1306,marketplace
O104363,2025-08-20,SP002,C100,141.58,2,C1877,in_store
O100152,2025-06-03,RJ001,B200,113.18,2,C8711,Online
O100023,2025-06-01,SP002,B100,73.4,2,C4814,Online
O100071,2025/06/01,MG001,B200,114.28,1,C8397,marketplace
O100231,2025-06-05,SP001,B100,83.08,2,C7211,in_store
O101223,2025-06-24,SP001,A200,59.48,4,C1104,on-line
O100613,2025-06-12,SP001,B100,82.91,2,C6493,on-line
O103131,2025-07-30,MG001,A100,39.86,2,C7055,ONLINE
O101198,2025-06-23,SP002,B100,82.14,2,C2046,market_place
O100595,2025-06-11,MG001,C200,184.66,2,C4833,store
O101444,2025-06-28,MG001,B100,73.63,4,C4643,market_place
O102720,2025-07-22,MG001,B100,79.33,3,C4033,marketplace
O100046,2025-06-01,RJ001,C200,206.78,5,C2040,store
O100199,2025-06-04,SP002,C100,161.27,1,C6198,MarketPlace
O102030,2025-07-10,SP001,C100,168.11,2,C5075,MarketPlace
O102251,2025-07-14,SP001,B200,124.73,1,C9753,MarketPlace
O100004,2025-06-01,SP001,C200,193.77,2,C9935,market_place
O100586,2025-06-11,RJ001,A200,55.95,1,C5846,ONLINE
O100028,2025-06-01,SP002,C200,208.64,1,C2169,market_place
O102979,2025-07-27,RJ001,B200,129.1,4,C9596,market_place
O101365,2025-06-27,SP001,C100,147.77,2,C9773,IN_STORE
O104358,2025-08-20,SP001,B200,0.0,2,C1432,on-line
O101380,2025-06-27,SP002,C100,139.58,2,C1202,In-Store
O100257,2025-06-05,RJ001,C200,207.14,3,C9817,In-Store
O101429,2025-06-28,RJ001,B200,123.7,1,C9530,IN_STORE
O100774,2025-06-15,SP001,A100,39.41,3,C2800,marketplace
O100657,2025-06-13,SP002,A100,41.26,3,C7955,MarketPlace
O102178,2025-07-12,MG001,B100,80.04,1,C1408,In-Store
O101116,2025-06-22,SP001,B200,117.43,1,C5402,Online
O100689,2025-06-13,RJ001,B100,76.84,3,C3852,ONLINE
O100494,2025-06-09,RJ001,A100,37.27,3,C9313,marketplace
O102533,2025-07-19,RJ001,B100,75.0,2,C2820,Online
O100901,2025-06-17,SP002,B200,124.66,2,C4692,ONLINE
O102530,2025-07-19,SP002,C200,208.44,1,C5418,IN_STORE
O101564,2025-07-01,SP002,C200,210.45,2,C8474,MarketPlace
O104339,2025-08-19,MG001,A200,64.17,1,C4223,marketplace
O101711,2025-07-04,SP002,C100,149.75,1,C7637,marketplace
O102395,2025-07-16,RJ001,A100,39.04,1,C3745,Online
O101534,2025-06-30,MG001,A200,58.35,2,C7816,Online
O103436,2025-08-04,RJ001,C200,207.85,3,C6359,online
O100146,2025-06-03,SP002,C100,139.24,1,C3532,In-Store
O103397,2025-08-03,MG001,C200,187.61,1,C2146,MarketPlace
O101255,2025-06-24,RJ001,B200,0.0,2,C5093,store
O103469,2025-08-05,SP001,B200,127.9,1,C2081,Online
O105057,2025-08-31,RJ001,B100,86.33,1,C1653,IN_STORE
O101120,2025-06-22,SP001,C200,194.73,4,C8449,store
O103632,2025-08-08,SP002,A200,52.03,2,C4586,store
O100963,2025-06-19,SP001,C200,193.83,3,C8790,marketplace
O101734,2025-07-04,RJ001,B200,111.85,1,C7201,marketplace
O100934,2025-06-18,SP002,B200,119.91,1,C9882,online
O100461,2025-06-09,SP001,A100,38.43,3,C7897,on-line
O100864,2025-06-16,SP002,A100,38.96,2,C8734,on-line
O102714,2025-07-22,MG001,C100,149.24,1,C2119,marketplace
O100362,2025-06-07,RJ001,B100,81.77,4,C5891,MarketPlace
O101302,2025-06-25,RJ001,A200,55.28,1,C3907,store
O104828,2025-08-27,RJ001,A200,56.22,2,C7874,on-line
O101411,28/06/2025,SP002,C100,143.25,2,C3029,IN_STORE
O100628,2025-06-12,RJ001,B200,117.41,5,C6780,Online
O102400,2025-07-16,MG001,C100,147.72,2,C1194,store
O104798,2025-08-27,SP002,A100,40.37,3,C7442,ONLINE
O103250,2025-08-01,MG001,A200,57.48,2,,in_store
O103356,2025-08-03,SP002,A100,39.22,2,C9220,store
O101425,2025-06-28,SP002,B100,78.27,4,C6004,MarketPlace
O104084,2025-08-15,MG001,A200,61.31,2,C6184,In-Store
O101516,2025-06-30,RJ001,A200,57.01,1,C9383,Online
O104814,2025-08-27,SP002,A200,56.63,1,C6085,online
O100136,2025-06-03,SP001,A200,58.35,1,C8239,marketplace
O104031,2025-08-14,MG001,B200,124.22,1,C8451,online
O101174,2025-06-22,MG001,B200,114.85,1,C1273,online
O101808,2025-07-05,MG001,A200,58.8,2,C9099,marketplace
O102253,2025-07-14,SP001,A200,56.0,4,C2914,market_place
O100232,2025-06-05,SP001,B100,73.13,1,C5133,In-Store
O104382,2025-08-20,RJ001,A200,64.82,2,C8761,on-line
O103315,2025-08-02,MG001,A100,38.41,1,C3248,MarketPlace
O102980,2025-07-27,RJ001,A100,43.87,1,C8671,In-Store
O100895,2025-06-17,SP001,C200,187.73,1,C7999,marketplace
O102241,2025-07-13,MG001,B100,71.46,1,C8849,MarketPlace
O103557,2025-08-06,MG001,A100,42.59,2,C2144,Online
O104908,2025-08-29,SP001,B100,82.34,1,C8713,ONLINE
O103112,2025-07-30,SP002,C200,185.51,3,C2724,ONLINE
O102246,2025-07-13,MG001,C100,150.43,3,C6169,in_store
O103487,2025-08-05,SP002,B200,122.06,2,C4309,store
O103107,2025-07-30,SP002,B200,127.31,2,C4868,in_store
O102131,2025-07-12,SP001,B200,123.86,2,C3158,MarketPlace
O103590,2025-08-07,SP002,C100,145.16,1,C4079,IN_STORE
O101177,2025-06-23,SP001,A100,40.23,2,C9300,store
O102258,2025-07-14,SP001,B100,77.03,5,C9603,Online
O100155,2025-06-03,RJ001,A200,57.08,1,C4164,ONLINE
O102603,2025-07-20,RJ001,B100,75.09,3,C3161,marketplace
O100114,2025-06-02,RJ001,C200,217.67,5,C6147,market_place
O100540,2025-06-10,RJ001,A200,62.32,1,C3754,In-Store
O103438,2025-08-04,RJ001,B200,110.37,1,C2117,in_store
O102909,2025-07-26,SP002,A200,60.93,3,C8506,In-Store
O103266,2025-08-02,SP001,B200,125.01,1,C2570,store
O102571,2025-07-20,SP001,B100,81.91,3,C3871,store
O100752,2025-06-14,RJ001,A200,55.64,3,C7453,Online
O103532,2025-08-06,SP002,B200,124.06,1,C3660,market_place
O101273,2025-06-25,SP001,C200,208.91,1,C9173,store
O102173,2025-07-12,RJ001,C200,205.07,1,C3330,marketplace
O102272,2025-07-14,SP002,A100,37.88,2,C6119,market_place
O101541,2025-07-01,SP001,A100,40.77,1,C6148,in_store
O102311,2025-07-15,SP002,B200,114.83,1,C7773,marketplace
O103174,2025-07-31,SP002,A100,39.04,6,C1958,market_place
O100641,2025-06-12,MG001,C100,138.99,5,C3868,store
O102198,2025-07-13,SP001,C100,140.95,1,C4897,IN_STORE
O101263,2025-06-24,MG001,A200,62.19,3,C8265,MarketPlace
O102929,2025-07-26,RJ001,B100,75.8,1,C5321,In-Store
O100269,2025-06-05,MG001,C200,196.6,1,C9004,in_store
O104852,28/08/2025,SP001,A100,40.84,3,C5042,market_place
O103866,2025-08-11,RJ001,B200,113.88,1,C7293,market_place
O103640,2025-08-08,SP002,B100,75.28,1,C7171,MarketPlace
O102029,2025-07-10,SP001,B200,124.83,1,C4164,on-line
O100228,2025-06-05,SP001,A200,59.09,2,C3977,In-Store
O102666,2025-07-21,RJ001,B200,118.49,1,C6927,on-line
O102453,18/07/2025,SP001,A100,40.02,1,,in_store
O101667,2025-07-03,RJ001,C200,199.29,1,C1745,MarketPlace
O102662,2025-07-21,RJ001,A100,38.48,3,C5713,market_place
O100123,2025-06-02,MG001,B200,127.86,1,C5956,marketplace
O102992,2025-07-27,RJ001,A200,66.77,1,C7438,ONLINE
O102426,2025-07-17,SP002,B100,83.93,3,C6298,IN_STORE
O101012,2025-06-20,SP001,B100,80.68,2,C4290,in_store
O103780,2025-08-10,RJ001,A100,42.19,3,C4050,IN_STORE
O101032,2025-06-20,SP002,A100,37.32,2,C6816,on-line
O100439,2025-06-08,RJ001,B200,117.99,4,C3531,marketplace
O101358,2025-06-26,RJ001,B200,119.67,2,C5313,Online
O102213,2025-07-13,SP002,A100,39.47,1,C5903,online
O101976,2025-07-08,MG001,B100,78.65,1,C2960,market_place
O101890,2025-07-07,SP001,A100,42.74,1,C4259,in_store
O104303,2025-08-19,SP002,B200,123.0,2,C6747,store
O103373,2025-08-03,RJ001,C200,181.75,2,C6581,IN_STORE
O103298,2025-08-02,SP002,B200,125.32,3,C9125,online
O104433,2025-08-21,SP002,B200,120.68,1,C5687,marketplace
O100121,2025-06-02,MG001,B100,79.96,4,C5002,Online
O103089,2025-07-29,MG001,C200,192.63,1,C9919,online
O103998,2025-08-14,SP002,A100,38.45,2,C6942,on-line
O101698,2025-07-04,SP001,B100,74.03,1,C3762,In-Store
O103011,2025-07-28,SP001,C200,198.17,3,C4961,on-line
O103855,2025-08-11,RJ001,B200,122.5,2,C5137,marketplace
O101801,2025-07-05,MG001,A100,44.47,3,C8727,online
O101941,2025-07-08,SP001,A100,37.41,1,C4924,in_store
O104276,2025-08-18,MG001,A100,40.69,1,C2887,on-line
O101799,2025-07-05,MG001,B200,111.48,1,C1852,In-Store
O104839,2025-08-27,MG001,A100,38.63,2,C8264,online
O103109,2025-07-30,SP002,C100,142.66,1,C6739,Online
O100053,2025-06-01,RJ001,B200,124.23,4,C5315,online
O102009,2025-07-09,RJ001,B200,125.01,1,C6276,marketplace
O100250,2025-06-05,RJ001,C100,141.1,3,C6688,online
O101233,2025-06-24,SP002,B200,127.98,2,C2391,MarketPlace
O102105,2025-07-11,RJ001,A100,40.81,3,C3790,in_store
O104490,2025-08-22,SP002,A100,36.27,1,C6728,In-Store
O101467,2025-06-29,SP002,C200,208.52,2,C1077,online
O102977,2025-07-27,RJ001,B200,118.62,2,C4673,marketplace
O101948,2025-07-08,SP002,C200,196.11,3,C9060,marketplace
O104268,2025-08-18,RJ001,B200,124.32,1,C7058,in_store
O100851,2025-06-16,SP002,C100,138.81,1,C3455,market_place
O104335,2025-08-19,MG001,C200,191.13,1,C1817,on-line
O103916,2025-08-12,RJ001,B100,79.91,1,C8846,In-Store
O104753,2025-08-26,SP002,A200,61.39,1,C8169,ONLINE
O103003,2025-07-27,MG001,B200,126.42,5,C7637,market_place
O104766,2025-08-26,RJ001,B100,74.78,1,C3217,MarketPlace
O103448,04/08/2025,MG001,A200,61.8,1,C1564,marketplace
O102871,2025-07-25,RJ001,B100,82.43,1,C7920,marketplace
O104941,2025-08-29,RJ001,B200,116.05,2,C2899,IN_STORE
O100874,2025-06-16,MG001,A100,40.75,1,C8585,store
O102960,2025-07-27,SP002,C100,1510.0,1,C7248,marketplace
O100085,2025/06/02,SP001,B200,120.67,1,C8651,store
O101926,2025-07-07,MG001,B100,77.61,1,C8891,In-Store
O104886,2025-08-28,MG001,C200,198.11,1,C8759,store
O101415,2025-06-28,SP002,B100,77.29,2,C5237,ONLINE
O100006,2025-06-01,SP001,A100,40.53,2,C2535,ONLINE
O102543,2025-07-19,RJ001,A200,61.89,4,C8114,IN_STORE
O101579,01/07/2025,MG001,C200,188.69,3,C2765,IN_STORE
O100772,2025-06-15,SP001,A200,59.93,4,,MarketPlace
O103848,2025-08-11,SP002,A100,40.01,1,C4120,MarketPlace
O103072,2025-07-29,RJ001,A200,61.15,1,C7909,market_place
O101835,2025-07-06,SP001,C200,1989.5,3,C4767,MarketPlace
O104965,2025-08-30,SP001,C200,205.15,1,C8063,in_store
O100264,2025-06-05,MG001,B100,78.74,3,C8988,on-line
O104478,2025-08-22,SP001,B200,119.33,1,C3051,IN_STORE
O102516,2025-07-19,SP001,C100,145.61,2,C3589,Online
O102577,2025-07-20,SP001,C200,206.62,2,C6250,ONLINE
O102049,2025-07-10,SP002,A200,64.22,2,C1355,In-Store
O104032,2025-08-14,MG001,B100,75.86,3,C5843,on-line
O102427,2025-07-17,SP002,B100,75.5,1,C2212,ONLINE
O101752,2025-07-05,SP001,A200,61.15,1,C9399,MarketPlace
O102800,2025-07-24,SP001,C200,189.49,1,C9779,online
O103129,2025-07-30,MG001,C200,207.4,1,C7051,Online
O100692,2025-06-13,RJ001,A200,61.99,3,C1430,IN_STORE
O102293,2025-07-14,MG001,B100,83.07,3,C9740,online
O101824,2025-07-06,SP001,B100,78.28,2,C7670,online
O103962,2025-08-13,RJ001,B100,87.34,2,C3361,In-Store
O101482,2025-06-29,RJ001,B100,78.94,5,C8469,store
O102226,2025-07-13,RJ001,C100,146.28,2,C9154,market_place
O105066,2025-08-31,RJ001,B100,74.5,4,C2213,MarketPlace
O101191,2025/06/23,SP002,A100,40.41,4,C3248,ONLINE
O100570,2025-06-11,SP001,B200,122.07,6,C1857,in_store
O102119,2025-07-11,MG001,B200,116.01,2,C3572,MarketPlace
O100052,2025-06-01,RJ001,B100,86.49,1,C3591,store
O101848,2025-07-06,SP002,A200,64.27,1,C6833,online
O100589,2025-06-11,RJ001,C200,194.26,4,C3147,In-Store
O100007,2025-06-01,SP001,A200,66.55,1,C9279,Online
O104626,2025-08-24,SP001,A100,37.48,4,C4451,marketplace
O102013,2025-07-09,MG001,A200,58.83,1,,online
O102718,2025-07-22,MG001,A100,37.49,1,C2616,marketplace
O104681,2025-08-24,MG001,B200,131.67,1,C7750,market_place
O101237,2025-06-24,SP002,B200,116.48,2,C3141,MarketPlace
O103240,2025-08-01,RJ001,B100,74.54,1,C7666,in_store
O103800,2025-08-10,MG001,C100,146.29,4,C3087,store
O100590,2025-06-11,RJ001,C100,155.51,1,C3527,IN_STORE
O100436,2025-06-08,RJ001,A100,42.42,3,C9807,online
O100186,2025-06-04,SP001,A100,40.93,1,C6085,online
O102288,2025-07-14,MG001,C200,189.63,2,C2735,on-line
O101654,2025-07-03,SP002,A200,59.22,2,C4492,MarketPlace
O103874,2025-08-11,MG001,B100,79.28,3,C5399,marketplace
O102370,2025-07-16,SP002,B200,114.99,2,C9399,In-Store
O104680,2025-08-24,MG001,C200,206.13,2,C8925,Online
O102056,2025-07-10,RJ001,A100,40.23,3,C7550,market_place
O104935,2025-08-29,RJ001,C200,212.16,4,C1200,store
O104465,2025-08-21,MG001,A200,57.17,1,C2194,in_store
O100344,2025-06-07,SP002,C100,150.66,3,C9167,IN_STORE
O104902,2025-08-28,MG001,A200,63.74,1,C5936,online
O100816,2025-06-15,RJ001,A100,40.48,2,C5888,on-line
O102264,2025-07-14,SP001,B200,119.88,1,C9579,marketplace
O103727,2025-08-09,RJ001,A200,57.9,3,C1161,In-Store
O104427,2025-08-21,SP002,A100,41.33,2,C2194,MarketPlace
O103925,2025-08-12,MG001,A200,60.72,1,C5699,in_store
O103060,2025-07-29,SP001,A100,42.44,1,C2934,Online
O101256,2025-06-24,RJ001,A100,40.17,1,C2669,IN_STORE
O102578,2025-07-20,SP001,B100,83.24,4,C9250,in_store
O104928,2025-08-29,SP002,B200,1282.1000000000001,4,C5668,online
O101882,2025-07-06,MG001,C100,147.3,4,C1781,MarketPlace
O102283,2025-07-14,RJ001,B100,81.4,1,C5641,on-line
O102976,2025-07-27,RJ001,A100,38.55,1,C6599,MarketPlace
O102611,2025-07-20,RJ001,A200,58.6,2,C2915,Online
O102172,2025-07-12,RJ001,B100,80.47,2,C1893,market_place
O100789,2025-06-15,SP002,C200,198.26,1,C9011,on-line
O101568,01/07/2025,RJ001,C200,198.09,1,C6952,market_place
O100712,2025-06-14,SP001,C100,150.37,2,C3526,market_place
O101474,2025-06-29,SP002,C100,152.74,1,C7112,on-line
O103798,2025/08/10,MG001,B200,112.41,3,C5354,marketplace
O104856,2025-08-28,SP002,C200,198.94,1,C3916,store
O103746,2025-08-09,MG001,C100,141.17,3,C5519,store
O102051,2025-07-10,SP002,C100,136.62,1,C3534,market_place
O100639,2025-06-12,MG001,C100,164.64,1,C6447,market_place
O101741,2025-07-04,MG001,A200,58.05,3,C2263,online
O102164,2025-07-12,RJ001,C100,148.43,2,C8399,on-line
O101410,2025-06-28,SP002,B100,80.54,2,C8605,In-Store
O100866,2025-06-16,RJ001,A200,58.81,3,C7887,online
O103182,2025/07/31,RJ001,A100,43.3,2,C8615,in_store
O101030,2025-06-20,SP002,C100,144.24,3,C6890,on-line
O102033,2025-07-10,SP001,C200,203.98,2,C6864,on-line
O100986,2025-06-19,RJ001,C200,212.78,3,C6188,store
O103958,2025-08-13,SP002,B100,77.3,3,C4330,online
O103228,2025-08-01,SP002,A100,41.45,2,C7489,ONLINE
O104621,2025/08/24,SP001,B200,123.9,1,C1791,store
O100783,2025-06-15,SP001,B200,121.4,1,C3837,IN_STORE
O104996,2025-08-30,RJ001,C100,161.55,2,C8792,In-Store
O103430,2025-08-04,RJ001,A200,51.01,1,C1731,market_place
O100181,2025-06-03,MG001,B200,112.98,3,C8244,In-Store
O100780,2025-06-15,SP001,C200,185.08,6,,ONLINE
O103092,2025-07-30,SP001,A200,61.59,3,C2380,In-Store
O103648,2025-08-08,RJ001,B100,80.63,1,C7407,in_store
O104280,2025-08-18,MG001,C100,133.54,1,C7628,marketplace
O102115,2025-07-11,MG001,A100,39.94,1,C4258,ONLINE
O104927,2025-08-29,SP002,B200,112.35,2,C3947,marketplace
O100754,2025-06-14,MG001,A200,61.33,3,C9341,ONLINE
O102001,2025-07-09,RJ001,A100,40.76,2,C9289,marketplace
O101606,2025-07-02,SP002,B100,73.27,1,C5695,ONLINE
O102883,2025-07-25,MG001,C200,212.54,1,C3131,marketplace
O101175,2025-06-22,MG001,C100,158.77,1,C1225,on-line
O100504,2025-06-09,MG001,A200,64.05,2,C7566,marketplace
O101897,2025-07-07,SP002,A200,56.98,2,C6527,market_place
O101462,2025-06-29,SP001,A200,55.04,1,C7704,in_store
O103950,2025-08-13,SP002,C100,147.19,2,C6463,marketplace
O103657,2025-08-08,RJ001,A200,58.01,1,C4573,on-line
O104866,2025-08-28,SP002,A200,58.69,2,C4451,market_place
O102644,2025-07-21,SP001,C200,198.43,3,C7809,store
O103186,2025-07-31,RJ001,B100,80.35,1,C2663,marketplace
O100464,2025-06-09,SP001,C100,162.5,2,C2786,MarketPlace
O104817,2025-08-27,RJ001,C100,153.2,2,C1549,IN_STORE
O102783,2025-07-23,MG001,B100,81.2,2,C6755,in_store
O101266,2025-06-25,SP001,A100,39.13,3,C8096,ONLINE
O102003,2025-07-09,RJ001,A100,43.07,1,C6965,market_place
O102182,2025-07-12,MG001,C200,200.52,3,C3024,MarketPlace
O100291,2025-06-06,SP001,C200,216.27,1,C9042,on-line
O101899,2025-07-07,SP002,A100,38.1,2,C3654,ONLINE
O100079,2025-06-01,MG001,A200,53.11,2,C8953,In-Store
O102275,2025-07-14,SP002,A200,54.61,1,C5695,ONLINE
O103170,2025-07-31,SP002,A200,592.2,1,C2468,store
O105067,2025-08-31,RJ001,B200,115.08,1,C9053,MarketPlace
O104304,2025-08-19,SP002,C100,155.16,1,C8970,IN_STORE
O102528,2025-07-19,SP002,A200,59.28,6,C7119,store
O102088,2025-07-11,SP002,C100,144.21,1,C1396,MarketPlace
O103277,02/08/2025,SP002,B100,78.92,2,C8887,in_store
O100195,2025-06-04,SP001,A200,58.74,1,C9486,marketplace
O104567,2025-08-23,SP002,B100,80.87,2,C1418,ONLINE
O104952,2025-08-29,MG001,B200,117.88,3,C7014,in_store
O102854,2025-07-25,SP002,C200,202.06,2,C5550,ONLINE
O100432,2025-06-08,RJ001,C200,205.45,1,C5951,in_store
O104354,2025-08-20,SP001,C100,150.27,2,C6132,IN_STORE
O103006,2025-07-28,SP001,C200,221.68,3,C7471,MarketPlace
O104273,2025-08-18,MG001,C100,136.38,1,C9087,marketplace
O103842,2025-08-11,SP002,B100,87.66,2,C6920,store
O100784,2025/06/15,SP001,B200,112.92,4,C6608,market_place
O103065,2025-07-29,SP002,B100,77.79,2,,ONLINE
O101172,2025-06-22,MG001,C100,149.84,2,C6986,IN_STORE
O104245,2025-08-18,SP002,A100,43.7,1,C4541,marketplace
O103442,2025-08-04,RJ001,A200,56.81,4,C2646,Online
O105028,2025-08-31,SP002,B200,116.97,4,C7850,marketplace
O100683,2025-06-13,RJ001,C200,202.42,1,C4279,IN_STORE
O101141,2025-06-22,SP002,C200,205.27,6,C1017,online
O101371,2025-06-27,SP001,A100,40.42,1,C3832,In-Store
O102555,19/07/2025,RJ001,A100,39.85,1,C5994,in_store
O104739,2025-08-26,SP001,C100,163.11,4,C9575,in_store
O104591,2025-08-23,MG001,C100,149.57,3,C7678,Online
O103653,2025-08-08,RJ001,C100,156.51,2,C5981,Online
O104535,2025-08-22,MG001,C200,200.32,3,C1202,marketplace
O101510,2025-06-30,SP002,B100,68.94,4,C1645,online
O102127,2025-07-12,SP001,A100,40.78,3,C7262,MarketPlace
O104238,2025-08-18,SP001,B100,82.24,4,C8908,store
O100882,2025-06-17,SP001,A200,61.04,2,C2653,online
O105068,2025-08-31,RJ001,A200,56.0,4,C6610,store
O104033,2025-08-14,MG001,A200,58.92,3,C5589,Online
O102706,2025-07-22,RJ001,A100,40.06,2,C1709,In-Store
O102931,2025-07-26,RJ001,A200,57.71,2,C9049,in_store
O100256,2025-06-05,RJ001,B200,119.87,3,C9548,online
O104897,2025-08-28,MG001,A200,57.68,1,C6458,marketplace
O103704,2025-08-09,SP002,C100,144.35,1,C2622,on-line
O102894,2025-07-26,SP001,A100,41.39,1,C8027,in_store
O105012,2025-08-30,MG001,A200,61.21,1,C9807,in_store
O101934,2025-07-08,SP001,B200,109.55,1,C1149,In-Store
O105081,2025-08-31,MG001,B200,114.14,1,C4734,IN_STORE
O102999,2025/07/27,MG001,C200,183.03,1,C8107,on-line
O102184,2025-07-12,MG001,C200,193.19,2,C2397,store
O104075,2025-08-15,MG001,B100,80.89,1,C3695,In-Store
O105036,2025-08-31,SP002,A100,39.25,1,C7378,marketplace
O102872,2025-07-25,MG001,A100,41.89,7,C5275,ONLINE
O105090,2025-08-31,MG001,B200,128.46,1,C3770,MarketPlace
O102215,2025-07-13,SP002,A100,39.47,2,C2063,store
O101574,2025-07-01,RJ001,A100,39.78,1,C9067,on-line
O103528,2025-08-06,SP002,B200,119.85,2,C7113,marketplace
O100952,2025-06-18,MG001,B200,121.08,1,C7112,online
O103155,2025-07-31,SP001,C200,194.19,2,C2395,marketplace
O102560,2025-07-19,MG001,B100,82.14,3,C8607,marketplace
O100430,2025-06-08,RJ001,B200,115.37,1,C6374,ONLINE
O101047,2025-06-20,MG001,B100,77.85,3,C2599,store
O100962,2025-06-19,SP001,A100,41.92,3,C4463,online
O104463,2025-08-21,MG001,A200,61.01,4,C9963,Online
O100724,2025-06-14,SP002,B200,124.04,1,C6573,ONLINE
O101800,2025-07-05,MG001,A200,54.96,1,C1086,In-Store
O103413,2025-08-04,SP001,B200,127.27,1,C1640,In-Store
O100350,2025-06-07,SP002,C200,211.42,3,C6091,on-line
O104114,2025-08-16,SP002,A200,60.45,1,C3038,In-Store
O102028,2025-07-10,SP001,C200,202.24,3,C9710,ONLINE
O102972,2025/07/27,SP002,B200,124.65,1,C7931,In-Store
O100653,2025-06-13,SP001,B200,116.0,1,C8204,MarketPlace
O102477,2025-07-18,SP002,B100,75.88,5,C8474,online
O100920,2025-06-17,MG001,B100,76.33,1,C6892,IN_STORE
O100381,2025-06-07,MG001,C200,199.56,2,C6383,on-line
O104527,2025-08-22,MG001,B100,73.65,1,C7247,Online
O102640,2025-07-21,SP001,B100,78.26,1,C7108,in_store
O104778,2025-08-26,MG001,A200,58.78,1,C5656,IN_STORE
O101693,2025-07-03,MG001,A100,39.78,2,C2143,In-Store
O104625,2025-08-24,SP001,B100,77.58,4,C3346,on-line
O100537,2025-06-10,RJ001,A200,60.56,3,C7560,in_store
O104090,2025-08-16,SP001,B200,111.28,1,C9947,marketplace
O102188,2025-07-12,MG001,A100,40.91,4,C6491,ONLINE
O103292,2025-08-02,SP002,B100,73.01,3,C8794,Online
O104795,2025-08-27,SP001,A200,59.98,1,,marketplace
O103749,2025-08-09,MG001,B100,78.77,4,C6123,in_store
O103025,2025-07-28,RJ001,A200,55.43,1,C1994,marketplace
O100896,2025-06-17,SP002,C100,151.57,3,C1768,IN_STORE
O103864,2025-08-11,RJ001,B200,114.81,1,C9723,MarketPlace
O101877,2025-07-06,MG001,C200,178.39,2,C8749,ONLINE
O101859,2025-07-06,RJ001,C100,152.27,2,C7450,In-Store
O100627,2025-06-12,RJ001,C200,184.83,1,C5772,Online
O100415,2025-06-08,SP002,C100,160.39,2,C3153,store
O101293,2025-06-25,RJ001,C200,207.64,2,C6878,marketplace
O104030,2025/08/14,MG001,B100,73.03,2,C2428,MarketPlace
O102436,2025-07-17,RJ001,B200,111.12,1,C5243,MarketPlace
O104346,2025-08-20,SP001,A200,62.51,2,C8140,marketplace
O100955,2025-06-18,MG001,C200,200.95,1,C1519,online
O104235,2025-08-18,SP001,C200,209.34,2,C3004,IN_STORE
O101125,2025-06-22,SP001,A200,63.11,3,C4470,In-Store
O101957,2025-07-08,SP002,B200,113.32,1,,In-Store
O103164,2025-07-31,SP002,B200,124.18,2,C6569,on-line
O101907,2025-07-07,SP002,C200,197.68,3,C5122,ONLINE
O100909,17/06/2025,RJ001,C200,187.51,1,C1844,Online
O103265,2025-08-02,SP001,C100,146.72,3,C5831,online
O100418,2025-06-08,SP002,A200,53.2,1,C9837,Online
O104901,2025-08-28,MG001,A100,0.0,4,C3416,market_place
O104720,2025-08-25,RJ001,B100,82.49,2,C9394,store
O103687,2025-08-09,SP001,C100,144.14,3,C9830,marketplace
O104283,2025-08-18,MG001,B200,119.91,1,C3802,on-line
O101856,2025-07-06,RJ001,B200,111.35,2,C3101,ONLINE
O100254,2025-06-05,RJ001,A100,41.19,1,C6934,IN_STORE
O104880,2025-08-28,RJ001,A200,59.04,1,C8790,In-Store
O104547,2025-08-23,SP001,C100,154.1,2,C1812,marketplace
O100801,2025-06-15,SP002,A200,60.76,1,C9700,ONLINE
O100207,2025-06-04,RJ001,C200,186.18,1,C4841,In-Store
O101086,21/06/2025,RJ001,B200,111.11,4,C9056,MarketPlace
O100048,2025-06-01,RJ001,C100,143.68,1,C1188,In-Store
O102825,2025-07-24,MG001,C200,204.42,1,C5201,Online
O102496,2025-07-18,MG001,C200,208.01,2,C4377,online
O100960,2025-06-19,SP001,B200,113.52,1,C6427,in_store
O102746,2025-07-23,SP002,C200,199.63,2,C5472,marketplace
O100903,2025-06-17,RJ001,B200,115.48,3,C7761,online
O102310,2025-07-15,SP002,B100,75.24,1,C8552,MarketPlace
O102097,2025-07-11,RJ001,C200,215.78,1,C5999,Online
O104128,2025-08-16,RJ001,A200,60.88,2,C7396,market_place
O102256,2025-07-14,SP001,B200,117.39,3,C9143,on-line
O102054,2025-07-10,RJ001,B100,77.82,2,C5093,store
O100339,2025-06-07,SP001,B200,108.93,1,C6153,Online
O103521,06/08/2025,SP001,B100,81.53,4,C5640,store
O104006,2025-08-14,SP002,C100,139.55,1,C1748,store
O103881,2025-08-11,MG001,C100,155.1,2,C1022,Online
O104302,2025-08-19,SP002,A100,40.19,1,C6499,in_store
O104566,2025-08-23,SP002,A200,61.05,1,C1730,store
O100736,2025-06-14,RJ001,C100,149.03,1,C9171,In-Store
O100378,2025-06-07,MG001,C200,212.07,5,C2225,online
O103445,2025-08-04,MG001,A200,61.07,2,C1183,on-line
O104909,2025-08-29,SP001,C100,138.1,4,C7456,market_place
O101457,2025-06-29,SP001,C200,206.25,2,C2166,marketplace
O104557,2025-08-23,SP002,B200,125.87,1,C9372,online
O101676,2025-07-03,MG001,B100,86.67,3,C7113,market_place
O104815,2025-08-27,RJ001,B100,74.53,1,C7043,on-line
O100738,2025-06-14,RJ001,A100,41.2,2,C9281,In-Store
O101102,2025-06-21,MG001,A200,58.6,1,,MarketPlace
O104632,2025-08-24,SP002,A200,58.76,1,C5726,ONLINE
O102494,2025-07-18,MG001,A200,59.43,4,C5648,ONLINE
O104893,2025-08-28,MG001,C100,164.62,2,C3687,online
O101998,2025-07-09,SP002,A100,41.09,1,C3539,MarketPlace
O102443,2025-07-17,MG001,B200,120.42,1,C1060,marketplace
O104286,2025-08-18,MG001,C200,184.77,1,C2544,ONLINE
O102876,2025-07-25,MG001,C200,184.68,2,C1853,Online
O102688,2025-07-22,SP001,A200,56.03,2,C4622,MarketPlace
O102499,2025/07/19,SP001,A200,54.85,1,C1616,on-line
O104357,2025-08-20,SP001,B200,106.77,2,C7721,IN_STORE
O100021,2025-06-01,SP002,C100,156.25,3,C2139,Online
O104999,2025-08-30,RJ001,B200,127.52,3,C8568,online
O101651,2025-07-03,SP002,C100,155.38,1,C2572,ONLINE
O104904,2025-08-29,SP001,A200,58.63,3,C8152,Online
O101869,2025-07-06,MG001,A200,57.7,4,C7945,In-Store
O100503,2025-06-09,MG001,B100,82.75,2,C3972,online
O101353,2025-06-26,RJ001,B100,76.6,4,C8715,IN_STORE
O100520,2025-06-10,SP001,A100,40.44,2,C7475,on-line
O100814,2025-06-15,RJ001,A100,37.4,3,C9116,store
O104205,2025/08/17,RJ001,A100,37.77,1,C8418,on-line
O103598,2025-08-07,RJ001,C200,198.17,1,C2645,MarketPlace
O102239,2025-07-13,MG001,B100,79.43,2,C1477,In-Store
O103626,2025-08-08,SP001,B100,0.0,4,C9775,Online
O104570,2025-08-23,SP002,C100,156.69,3,C6636,MarketPlace
O101087,2025-06-21,RJ001,B200,118.11,1,C8272,marketplace
O100422,2025-06-08,SP002,A100,41.37,3,C2233,in_store
O103149,2025-07-31,SP001,B200,117.96,2,C7478,ONLINE
O100981,2025-06-19,SP002,B200,115.49,1,C7227,online
O104008,2025-08-14,SP002,B100,75.01,4,C6843,Online
O103193,2025-07-31,MG001,A100,38.43,1,C8612,online
O102616,2025-07-20,MG001,A200,56.9,3,C8347,in_store
O100153,2025-06-03,RJ001,A200,57.65,2,C8541,ONLINE
O104322,2025-08-19,RJ001,A100,39.66,1,C9520,MarketPlace
O103703,2025-08-09,SP002,B100,73.25,1,,market_place
O102401,2025-07-16,MG001,B100,79.29,1,C7258,store
O105040,2025-08-31,SP002,B200,115.77,4,C4273,market_place
O104460,2025-08-21,MG001,C200,207.69,2,C1528,Online
O102788,2025-07-24,SP001,A200,59.99,1,C9821,Online
O104202,2025-08-17,RJ001,B100,78.27,2,C4229,Online
O101027,2025-06-20,SP002,A100,40.36,5,C8851,IN_STORE
O101652,2025-07-03,SP002,A200,60.17,4,C9736,MarketPlace
O104683,2025-08-25,SP001,B100,80.4,1,C9314,store
O104423,2025-08-21,SP001,B100,75.51,1,C4876,ONLINE
O102137,2025-07-12,SP001,B100,75.46,1,C9732,ONLINE
O101678,2025-07-03,MG001,A100,38.72,4,C1082,Online
O100282,2025-06-06,SP001,C200,198.53,3,C4138,on-line
O101084,2025-06-21,RJ001,A200,62.04,1,C7290,ONLINE
O103919,2025-08-12,RJ001,C200,206.15,3,C3016,market_place
O102849,2025-07-25,SP002,B100,84.44,3,C7690,In-Store
O103472,2025-08-05,SP002,B200,123.28,1,C9185,in_store
O104371,2025-08-20,RJ001,A100,36.68,4,C9369,Online
O103818,2025-08-10,MG001,C100,148.12,4,C4091,Online
O103421,2025-08-04,SP002,C200,206.83,2,C2565,market_place
O101999,2025-07-09,SP002,B200,113.89,3,C5314,in_store
O104689,2025-08-25,SP001,B100,80.33,2,C4587,IN_STORE
O101507,2025-06-30,SP002,B200,120.73,1,C4272,online
O104993,2025-08-30,RJ001,A200,59.13,2,C5715,ONLINE
O105024,2025-08-31,SP001,B200,118.59,1,C3910,on-line
O104561,2025-08-23,SP002,C200,206.0,1,C5638,IN_STORE
O103077,2025-07-29,RJ001,A100,40.71,4,C9476,marketplace
O105043,2025-08-31,SP002,C100,146.57,5,C8523,store
O100668,2025-06-13,SP002,B100,82.08,1,C3621,MarketPlace
O103309,2025-08-02,RJ001,A100,43.93,3,C4262,ONLINE
O100626,2025-06-12,SP002,C200,199.07,2,C4963,market_place
O101219,2025-06-24,SP001,B100,84.08,1,C5979,market_place
O102736,2025-07-23,SP001,A200,56.63,4,C9055,ONLINE
O100179,2025-06-03,MG001,B100,79.22,2,C4443,IN_STORE
O102110,2025-07-11,RJ001,C200,181.0,1,C6901,MarketPlace
O100679,2025-06-13,RJ001,C200,193.67,2,C9176,ONLINE
O100240,2025-06-05,SP002,C100,147.41,4,C8619,on-line
O104953,2025-08-29,MG001,A100,39.64,2,C7050,marketplace
O103352,2025-08-03,SP002,B200,123.46,5,C5473,in_store
O100098,2025-06-02,SP002,A100,38.78,1,C5345,store
O102570,2025-07-20,SP001,B100,79.91,2,C1669,store
O101354,2025/06/26,RJ001,B200,122.53,1,C5341,marketplace
O103024,2025-07-28,SP002,B200,116.15,1,C8993,marketplace
O101930,2025-07-07,MG001,B100,77.72,2,C1001,online
O100717,2025-06-14,SP001,C100,150.01,1,C1496,market_place
O100982,2025-06-19,SP002,A100,41.58,2,C5839,MarketPlace
O104377,2025-08-20,RJ001,C200,205.65,3,C8945,on-line
O100248,2025-06-05,RJ001,A100,38.31,2,C5941,marketplace
O100853,2025-06-16,SP002,B200,122.23,4,C4365,ONLINE
O102506,2025-07-19,SP001,C100,146.19,2,C8605,on-line
O103273,2025-08-02,SP001,C100,145.16,4,C2769,on-line
O103481,2025-08-05,SP002,B200,116.53,4,C4808,MarketPlace
O103331,2025-08-02,MG001,A200,61.88,1,C2333,market_place
O101769,2025-07-05,SP002,C100,154.26,2,C3906,ONLINE
O101928,2025-07-07,MG001,B200,118.75,1,C6992,in_store
O101036,2025-06-20,RJ001,A100,39.45,1,C5239,on-line
O101181,2025-06-23,SP001,C100,159.07,3,C3501,marketplace
O101646,2025-07-03,SP001,B100,86.91,4,C5633,market_place
O102002,2025-07-09,RJ001,B200,114.73,1,C4039,marketplace
O101966,2025-07-08,RJ001,B200,119.05,3,C2539,marketplace
O102517,2025-07-19,SP001,A100,41.45,3,C9436,IN_STORE
O101421,2025-06-28,SP002,C200,205.5,1,C9409,store
O102292,2025-07-14,MG001,C100,146.17,1,C6119,IN_STORE
O100629,2025-06-12,RJ001,A200,59.14,1,C7825,MarketPlace
O100745,2025-06-14,RJ001,B100,77.91,2,C6992,marketplace
O102077,2025-07-11,SP001,A100,36.42,3,C9221,IN_STORE
O101289,2025-06-25,SP002,C100,149.03,1,C1916,MarketPlace
O102187,2025-07-12,MG001,B200,115.37,1,C7235,market_place
O104634,2025-08-24,SP002,A200,57.8,1,C5565,marketplace
O103276,2025-08-02,SP002,C200,185.29,5,C5198,market_place
O103279,2025-08-02,SP002,A200,63.57,1,C3255,Online
O104786,2025-08-26,MG001,C100,150.08,5,C3075,Online
O104851,2025-08-28,SP001,C200,195.8,3,C8542,store
O104197,2025-08-17,SP002,B200,126.69,3,C4476,in_store
O102541,2025-07-19,RJ001,B200,118.54,1,C1237,store
O100102,2025-06-02,SP002,A200,575.9000000000001,4,C9883,on-line
O101594,2025-07-02,SP001,B100,78.44,1,C4560,MarketPlace
O104615,2025-08-24,SP001,A100,35.84,3,C1127,Online
O104442,2025-08-21,RJ001,B200,124.14,2,C4399,Online
O104282,2025-08-18,MG001,A200,62.48,1,C5395,marketplace
O104789,2025-08-27,SP001,C200,195.2,3,C8756,marketplace
O102649,2025-07-21,SP001,B200,114.2,1,C6495,MarketPlace
O102435,2025-07-17,RJ001,B200,130.38,2,C2740,online
O103083,2025-07-29,MG001,B100,76.07,4,C7586,In-Store
O100171,2025-06-03,MG001,C200,211.81,1,C5920,online
O104668,2025-08-24,RJ001,C200,211.94,4,C8933,store
O100412,2025-06-08,SP002,C100,158.77,1,C3240,IN_STORE
O100807,2025-06-15,RJ001,B200,118.31,3,C8793,marketplace
O102944,2025/07/26,MG001,C200,218.78,5,C5469,MarketPlace
O103477,2025-08-05,SP002,C200,202.66,4,C3177,market_place
O101589,2025-07-02,SP001,C100,158.0,4,C5067,MarketPlace
O104436,2025-08-21,RJ001,A100,41.07,4,C1397,marketplace
O101902,2025-07-07,SP002,C200,214.59,1,C7479,In-Store
O102161,2025-07-12,RJ001,C200,193.86,3,C7457,IN_STORE
O102410,2025-07-17,SP001,C100,137.77,3,C3947,In-Store
O101225,2025-06-24,SP001,C100,148.32,2,C1157,store
O102219,2025-07-13,SP002,C100,140.57,3,C4425,online
O100446,2025-06-08,MG001,C200,181.4,3,C1992,In-Store
O101143,2025-06-22,SP002,A200,57.21,2,C4705,MarketPlace
O100236,2025-06-05,SP001,C200,193.8,1,C1508,Online
O103169,2025-07-31,SP002,A200,55.71,1,C3359,store
O100691,2025-06-13,RJ001,A100,42.27,2,C3275,on-line
O102274,2025-07-14,SP002,C200,197.8,4,C6257,online
O103593,2025-08-07,SP002,A100,42.39,4,C6333,marketplace
O101342,2025-06-26,RJ001,B100,68.64,3,C4112,ONLINE
O100382,2025-06-07,MG001,C200,2042.7,2,C7226,marketplace
O102472,2025-07-18,SP002,A100,39.28,3,C3319,ONLINE
O101954,2025-07-08,SP002,A200,60.43,5,C3468,online
O102985,2025-07-27,RJ001,C100,0.0,1,C2253,Online
O100525,2025-06-10,SP002,B200,128.05,1,C8055,market_place
O100242,2025-06-05,SP002,A200,59.22,2,C2876,MarketPlace
O104272,2025-08-18,MG001,A200,55.06,1,C5520,MarketPlace
O102192,2025-07-13,SP001,B100,76.39,2,C8311,in_store
O102404,16/07/2025,MG001,C100,154.74,1,C6797,market_place
O102446,2025-07-17,MG001,C200,211.82,1,C9849,online
O104573,2025-08-23,SP002,B200,121.26,2,C2285,MarketPlace
O101757,2025-07-05,SP001,C200,222.09,1,C5644,market_place
O103235,2025-08-01,RJ001,C100,157.77,3,C5494,market_place
O101583,2025-07-01,MG001,C100,152.08,1,C1795,marketplace
O102336,2025-07-15,MG001,A200,55.26,1,C2022,IN_STORE
O100435,2025-06-08,RJ001,B100,72.97,1,C2902,IN_STORE
O103156,2025-07-31,SP001,A200,61.02,1,C9877,MarketPlace
O103188,2025-07-31,RJ001,B100,84.81,1,C7664,MarketPlace
O103843,2025-08-11,SP002,C200,193.45,3,C9664,market_place
O104359,2025-08-20,SP001,B200,117.18,1,C3303,Online
O101555,2025-07-01,SP002,B200,124.01,2,C2291,ONLINE
O102798,2025-07-24,SP001,C100,151.5,1,C6952,in_store
O104065,2025-08-15,RJ001,B100,79.11,1,C8756,IN_STORE
O102318,2025-07-15,RJ001,A200,54.34,1,C2276,market_place
O104679,2025-08-24,MG001,B100,80.4,1,C7522,marketplace
O102294,2025-07-14,MG001,A100,39.14,1,C3159,store
O101895,2025-07-07,SP001,A100,40.9,1,C5694,store
O103753,2025-08-10,SP001,A100,41.19,2,C5683,market_place
O103349,2025-08-03,SP001,B200,112.13,1,C6511,market_place
O100084,2025-06-02,SP001,C200,220.01,1,C6804,IN_STORE
O104229,2025-08-17,MG001,A100,38.75,1,C2229,In-Store
O104305,2025-08-19,SP002,B100,76.36,3,C8516,store
O104917,2025-08-29,SP002,A100,41.2,1,C9000,in_store
O103153,2025/07/31,SP001,C200,182.41,1,C6060,online
O100169,2025-06-03,MG001,B100,84.96,3,C2146,IN_STORE
O104251,2025-08-18,SP002,C100,140.1,1,C3130,Online
O103009,2025-07-28,SP001,A100,40.11,4,C4083,Online
O100192,2025-06-04,SP001,B200,106.66,3,C4997,IN_STORE
O102254,2025-07-14,SP001,B100,77.55,1,C6152,MarketPlace
O101777,2025-07-05,SP002,B200,120.8,2,C8899,ONLINE
O103384,2025-08-03,RJ001,B100,77.71,2,C1380,MarketPlace
O104521,2025-08-22,MG001,A100,41.81,1,C8111,IN_STORE
O103735,2025-08-09,MG001,B200,114.22,1,C6655,online
O101901,2025-07-07,SP002,B100,72.86,4,C5773,market_place
O103379,2025-08-03,RJ001,B100,85.6,2,C1158,MarketPlace
O101331,2025-06-26,SP001,C100,142.39,2,C4695,MarketPlace
O101932,2025-07-08,SP001,B100,861.8000000000001,4,C9767,in_store
O100794,2025-06-15,SP002,A200,58.42,1,C1689,IN_STORE
O101107,21/06/2025,MG001,B100,73.46,1,C9827,MarketPlace
O104675,2025-08-24,MG001,B100,72.26,3,C8326,in_store
O100579,2025-06-11,SP002,C200,168.96,2,C3093,store
O100919,2025-06-17,MG001,C100,141.91,3,C6886,MarketPlace
O104616,2025-08-24,SP001,C100,159.35,1,C7060,marketplace
O101946,2025-07-08,SP002,B100,82.16,1,C8460,on-line
O101138,2025-06-22,SP002,A100,39.73,2,C6005,IN_STORE
O100956,2025-06-18,MG001,A100,38.1,2,C7213,in_store
O102677,2025-07-21,MG001,C100,151.84,1,C2258,marketplace
O104203,2025-08-17,RJ001,A100,39.5,2,C9169,store
O100349,2025-06-07,SP002,A100,39.31,1,C4920,MarketPlace
O101906,2025-07-07,SP002,A200,58.29,5,C3048,Online
O100058,2025-06-01,MG001,C100,154.79,1,C1009,marketplace
O102670,2025-07-21,RJ001,C100,145.97,1,C1287,market_place
O103287,2025-08-02,SP002,C100,158.59,1,C3369,market_place
O104862,2025-08-28,SP002,B100,74.88,3,C6957,MarketPlace
O104124,2025-08-16,RJ001,B100,77.88,2,C8045,online
O100290,2025-06-06,SP001,A100,40.61,4,C5786,MarketPlace
O101339,2025-06-26,SP002,C200,191.04,3,C8066,ONLINE
O100748,2025-06-14,RJ001,B100,77.06,1,C5728,MarketPlace
O103546,2025-08-06,RJ001,B200,118.42,1,C2316,market_place
O102081,2025-07-11,SP002,C100,139.43,1,C9589,market_place
O100762,2025-06-14,MG001,C100,160.32,3,C9311,IN_STORE
O104919,2025-08-29,SP002,A200,59.26,4,C3918,marketplace
O103799,2025-08-10,MG001,A100,36.96,1,C9012,in_store
O104831,2025-08-27,MG001,B100,84.26,3,C9914,on-line
O102602,2025-07-20,RJ001,C100,141.79,4,C8503,in_store
O100331,2025-06-07,SP001,C200,183.55,1,C5557,In-Store
O103232,2025-08-01,SP002,A100,38.79,2,C3101,MarketPlace
O102893,2025-07-26,SP001,B100,72.53,1,C3764,marketplace
O102749,2025-07-23,SP002,B200,116.03,1,C5569,marketplace
O104729,2025-08-25,MG001,A100,44.35,1,C7449,in_store
O101700,2025-07-04,SP001,A200,56.94,1,,MarketPlace
O100527,2025-06-10,SP002,C100,152.81,3,C4770,marketplace
O103812,2025-08-10,MG001,C200,211.31,1,C4061,MarketPlace
O101149,2025-06-22,RJ001,A100,40.78,4,C7022,store
O100786,2025-06-15,SP002,C100,152.45,1,C4150,store
O102484,2025-07-18,RJ001,A200,61.49,2,C4493,in_store
O102989,2025-07-27,RJ001,B100,77.66,1,C2339,in_store
O101878,2025-07-06,MG001,A100,41.88,3,C7906,ONLINE
O104708,2025-08-25,RJ001,B200,110.96,1,C1692,In-Store
O100546,2025-06-10,RJ001,C100,148.89,1,C2234,online
O103301,2025-08-02,RJ001,C100,151.16,1,C4916,on-line
O102135,2025-07-12,SP001,A200,56.73,1,C3378,in_store
O102166,2025-07-12,RJ001,C100,160.02,3,C7481,marketplace
O103052,2025-07-29,SP001,B200,120.06,1,C6575,in_store
O101434,2025-06-28,RJ001,B200,125.66,2,C6509,ONLINE
O100806,2025-06-15,RJ001,A100,41.46,2,C3587,market_place
O104396,2025-08-20,MG001,B200,121.51,1,C2758,market_place
O100640,2025-06-12,MG001,A200,58.27,1,C6772,on-line
O103316,2025-08-02,MG001,B200,116.62,2,C2818,marketplace
O103067,2025-07-29,SP002,A100,38.37,4,C8760,Online
O103595,2025-08-07,SP002,C100,145.99,1,C7556,In-Store
O103946,2025-08-13,SP002,A100,40.65,7,,IN_STORE
O104743,2025-08-26,SP001,A200,59.48,1,C6266,on-line
O102402,2025-07-16,MG001,C200,0.0,2,C9687,In-Store
O102982,2025-07-27,RJ001,B100,80.89,2,C3093,on-line
O101081,21/06/2025,SP002,B100,75.15,1,C4065,ONLINE
O104607,2025-08-23,MG001,C200,194.14,2,C2950,in_store
O101056,2025-06-21,SP001,C200,216.97,2,C4053,Online
O100778,2025-06-15,SP001,B200,125.49,4,C8726,market_place
O101781,2025-07-05,SP002,B100,78.93,2,C9908,market_place
O100821,2025-06-15,RJ001,B200,116.85,1,C4159,In-Store
O101033,2025/06/20,RJ001,A200,58.68,6,C1725,marketplace
O104469,2025-08-21,MG001,C100,0.0,4,C3121,in_store
O104150,2025-08-16,MG001,B100,84.97,5,C2520,on-line
O101481,2025-06-29,RJ001,A200,58.19,1,C1749,Online
O103533,2025-08-06,SP002,A200,58.92,3,C5182,In-Store
O101130,2025-06-22,SP002,A100,43.22,4,C8529,ONLINE
O103514,2025-08-06,SP001,B200,111.83,1,C7925,in_store
O103518,2025-08-06,SP001,B100,78.16,1,C9801,MarketPlace
O101011,2025-06-20,SP001,B200,114.27,2,C3230,MarketPlace
O103795,2025-08-10,RJ001,A100,38.81,2,C7464,ONLINE
O103530,2025-08-06,SP002,C200,204.05,2,C2167,market_place
O102661,2025-07-21,RJ001,C200,191.44,2,C8742,MarketPlace
O103337,2025-08-03,SP001,C100,148.39,3,C8918,marketplace
O100941,2025-06-18,RJ001,B100,83.62,3,C8916,online
O104827,2025-08-27,RJ001,C200,200.85,1,C3898,MarketPlace
O100815,2025-06-15,RJ001,A200,55.19,1,C5742,marketplace
O100070,2025-06-01,MG001,C200,192.52,2,C7118,MarketPlace
O101054,2025-06-21,SP001,B100,82.45,1,C7985,MarketPlace
O104950,2025-08-29,MG001,B200,120.32,2,C8614,on-line
O104697,2025-08-25,SP002,B200,121.12,4,C6460,on-line
O100497,2025-06-09,MG001,C100,152.82,2,C2882,In-Store
O102375,2025-07-16,SP002,C200,194.93,2,C5267,marketplace
O104751,26/08/2025,SP001,B200,121.34,1,C1223,on-line
O100968,2025-06-19,SP001,A200,56.7,4,C3362,MarketPlace
O103644,2025-08-08,SP002,A200,57.38,1,C7419,In-Store
O103699,2025-08-09,SP002,A200,56.46,3,C1756,In-Store
O104399,2025-08-20,MG001,B200,124.19,1,C7380,Online
O100332,2025-06-07,SP001,A200,58.1,1,C8141,marketplace
O104773,2025-08-26,RJ001,B200,116.17,3,C2551,IN_STORE
O104255,2025-08-18,SP002,A100,39.63,4,C7931,store
O103497,2025-08-05,RJ001,C200,199.52,5,C4644,marketplace
O101124,2025-06-22,SP001,A100,39.4,2,C7516,market_place
O101512,2025-06-30,SP002,C200,190.35,2,C6416,store
O103066,2025-07-29,SP002,A200,57.88,2,C7811,in_store
O103830,2025-08-11,SP001,B100,78.31,2,C5411,Online
O102311,2025-07-15,SP002,B200,114.83,1,C7773,marketplace
O102842,2025-07-25,SP001,A100,41.61,1,C9605,market_place
O104195,2025-08-17,SP002,B200,116.33,1,C6268,marketplace
O102949,2025-07-27,SP001,C200,200.38,4,C6384,on-line
O103907,2025-08-12,RJ001,C200,204.88,2,C2633,online
O103789,2025-08-10,RJ001,B200,132.08,1,C9788,Online
O102270,2025-07-14,SP002,A100,39.42,4,C2426,MarketPlace
O104586,2025-08-23,RJ001,C200,206.03,3,C6929,In-Store
O102297,2025-07-15,SP001,C200,198.28,1,C8625,market_place
O102822,2025-07-24,MG001,B200,104.16,3,C6220,In-Store
O103635,2025-08-08,SP002,A200,60.87,2,C1562,market_place
O102107,2025-07-11,RJ001,C200,194.52,2,C5444,MarketPlace
O103094,2025-07-30,SP001,B200,120.67,3,C3064,marketplace
O100561,2025-06-10,MG001,B100,73.28,2,C8792,market_place
O102780,2025-07-23,MG001,C200,186.78,1,C1440,MarketPlace
O102841,2025-07-25,SP001,A200,59.92,2,C9196,Online
O100252,2025-06-05,RJ001,A100,41.98,8,C6590,MarketPlace
O104212,2025/08/17,RJ001,C100,142.73,2,C6527,ONLINE
O104736,2025-08-26,SP001,A100,43.44,5,C3773,marketplace
O100016,2025-06-01,SP001,B100,72.75,2,C5333,IN_STORE
O100587,2025-06-11,RJ001,A100,41.55,1,C9843,marketplace
O104070,2025-08-15,RJ001,B100,76.18,2,C2338,IN_STORE
O101106,2025-06-21,MG001,C100,155.42,1,C9720,store
O102612,2025-07-20,RJ001,A100,40.13,3,C3072,store
O101584,2025-07-01,MG001,C100,146.82,3,C8912,IN_STORE
O103157,2025-07-31,SP001,C100,144.28,1,C9548,Online
O101179,2025-06-23,SP001,B200,122.86,1,C7590,in_store
O102683,2025-07-21,MG001,A100,39.84,1,C6761,market_place
O100142,2025-06-03,SP001,B200,110.54,1,C1685,Online
O100703,2025-06-13,MG001,A100,38.34,1,C9488,ONLINE
O103248,2025-08-01,MG001,C200,222.03,1,,online
O100065,2025-06-01,MG001,A200,57.57,2,C8787,marketplace
O104816,2025-08-27,RJ001,B100,75.66,1,C1212,market_place
O100180,2025-06-03,MG001,B200,125.51,2,C6279,MarketPlace
O102975,2025-07-27,RJ001,C200,182.17,1,C2522,IN_STORE
O101478,2025-06-29,RJ001,A200,61.41,1,C6641,marketplace
O104716,2025-08-25,RJ001,A100,37.13,6,,Online
O101511,2025-06-30,SP002,C100,151.97,2,C4402,in_store
O101049,2025-06-20,MG001,B100,80.31,2,C5919,ONLINE
O103329,2025-08-02,MG001,C200,200.25,3,C3071,store
O104810,2025-08-27,SP002,A200,61.79,2,C4129,market_place
O104546,23/08/2025,SP001,C200,207.3,1,C3406,ONLINE
O102416,2025-07-17,SP001,B100,73.77,2,C1557,online
O102261,2025-07-14,SP001,A100,37.38,1,C9290,in_store
O104386,2025-08-20,RJ001,A200,58.52,1,C9957,Online
O104289,2025-08-19,SP001,A200,59.11,2,C2137,in_store
O103542,2025-08-06,RJ001,C200,199.61,3,C5166,online
O104641,2025-08-24,SP002,C100,147.72,1,C8288,In-Store
O103409,2025-08-04,SP001,B100,80.0,2,C1121,Online
O101915,2025-07-07,RJ001,C200,204.19,1,C6068,store
O104571,2025-08-23,SP002,A200,60.99,4,C1534,store
O102285,2025-07-14,RJ001,A100,35.47,3,,store
O103739,2025-08-09,MG001,B100,70.56,1,C9414,ONLINE
O100758,2025-06-14,MG001,C100,1473.8,1,C3440,In-Store
O104104,2025-08-16,SP002,B100,74.27,3,C8167,MarketPlace
O102934,2025-07-26,RJ001,A100,39.59,1,C4000,Online
O100340,2025-06-07,SP001,B100,78.61,2,C2899,IN_STORE
O102771,2025-07-23,MG001,C200,180.26,2,C9837,market_place
O103768,2025-08-10,SP002,A100,42.81,3,C9118,In-Store
O104614,2025-08-24,SP001,C200,203.54,4,C9345,ONLINE
O100403,2025-06-08,SP001,B200,115.19,1,C4263,store
O103785,2025-08-10,RJ001,A100,42.58,1,C1113,in_store
O101621,2025-07-02,RJ001,C200,203.17,1,C5819,on-line
O101675,2025-07-03,MG001,C100,148.2,2,C3360,In-Store
O100144,2025-06-03,SP001,B100,77.61,3,C5088,on-line
O100560,2025-06-10,MG001,B200,120.67,4,C4084,MarketPlace
O104834,2025-08-27,MG001,C200,179.83,1,C7000,Online
O101688,2025-07-03,MG001,B100,79.14,1,C2103,market_place
O103172,2025-07-31,SP002,C200,196.74,3,C1965,online
O103847,2025-08-11,SP002,A100,40.18,4,C2971,Online
O100060,2025-06-01,MG001,A100,40.67,2,C6947,Online
O103398,2025-08-03,MG001,B200,123.41,1,C7039,ONLINE
O100879,2025-06-16,MG001,A200,59.45,1,C2848,market_place
O104108,2025-08-16,SP002,A100,41.5,1,C9924,store
O102587,2025-07-20,SP002,A200,54.56,4,C2430,In-Store
O102592,2025-07-20,SP002,A200,56.96,3,C9530,ONLINE
O103917,2025-08-12,RJ001,A200,57.76,1,C1915,on-line
O102123,2025-07-12,SP001,A100,42.3,1,C5221,MarketPlace
O101573,2025-07-01,RJ001,C100,1515.5,1,C2741,In-Store
O101111,2025-06-22,SP001,A200,57.45,1,C1971,IN_STORE
O103261,2025-08-02,SP001,B100,78.2,4,C2065,MarketPlace
O103457,2025-08-05,SP001,B200,123.52,3,C1238,Online
O104274,2025-08-18,MG001,C100,142.69,5,C2788,In-Store
O104846,2025-08-28,SP001,C100,148.67,2,C2444,in_store
O101147,2025-06-22,RJ001,B200,110.6,2,C4751,online
O104932,2025-08-29,RJ001,C200,212.76,2,C2743,market_place
O101438,2025-06-28,RJ001,A200,59.83,3,C7620,ONLINE
O101319,2025-06-26,SP001,B200,123.32,3,C6425,Online
O100605,2025-06-11,MG001,B100,78.14,2,C3626,online
O100490,2025-06-09,RJ001,C200,210.82,2,C7730,ONLINE
O100765,2025-06-14,MG001,B200,124.05,3,C7035,on-line
O101426,2025-06-28,RJ001,C200,200.87,2,C5511,MarketPlace
O101282,2025-06-25,SP001,B100,84.52,1,C5430,In-Store
O103786,2025-08-10,RJ001,A200,59.27,1,C5098,MarketPlace
O101307,2025-06-25,MG001,C100,149.98,2,C6514,ONLINE
O103353,2025-08-03,SP002,B200,113.01,2,C3942,on-line
O103987,2025-08-13,MG001,C200,212.64,2,C7941,online
O104177,2025-08-17,SP002,A200,58.35,1,C8992,on-line
O103294,2025-08-02,SP002,C100,150.34,4,C6425,market_place
O100473,2025-06-09,SP002,A200,60.07,4,C9984,store
O104989,2025-08-30,SP002,B100,78.97,1,C8576,store
O101416,2025-06-28,SP002,C200,202.76,2,C2480,market_place
O104325,2025-08-19,RJ001,B100,76.85,3,C1136,Online
O103696,2025-08-09,SP001,A100,41.06,1,C9292,online
O100942,2025-06-18,RJ001,C200,200.34,2,C1257,In-Store
O102831,2025-07-24,MG001,B200,128.6,3,C1606,market_place
O104640,2025-08-24,SP002,B100,76.18,2,C5617,ONLINE
O104350,2025-08-20,SP001,B100,80.78,4,C2402,IN_STORE
O101395,2025-06-27,MG001,B200,120.11,2,C2609,marketplace
O103909,2025-08-12,RJ001,A100,37.84,3,C1716,ONLINE
O100764,2025-06-14,MG001,C200,190.09,1,C5911,MarketPlace
O100766,2025-06-14,MG001,B100,74.13,1,C2795,MarketPlace
O105019,2025-08-31,SP001,B100,81.45,1,C2730,IN_STORE
O100594,2025-06-11,MG001,B200,117.31,3,C5668,MarketPlace
O103904,2025-08-12,SP002,B200,122.74,1,C8455,Online
O102486,2025-07-18,RJ001,B100,82.55,3,C2978,on-line
O102154,2025-07-12,RJ001,B200,112.39,6,C5421,ONLINE
O101914,2025-07-07,RJ001,C100,144.36,1,C2381,ONLINE
O102801,2025-07-24,SP001,A200,61.75,2,C5344,In-Store
O102823,2025-07-24,MG001,A100,39.54,1,C4335,market_place
O103971,2025-08-13,RJ001,B200,123.41,1,C3591,market_place
O103406,2025-08-04,SP001,A200,62.06,2,C6084,MarketPlace
O103136,2025-07-30,MG001,A100,38.73,1,,online
O100025,01/06/2025,SP002,B200,117.74,2,C6977,market_place
O105030,2025-08-31,SP002,C200,185.68,1,C4673,online
O100164,2025-06-03,RJ001,B200,124.64,2,C9379,marketplace
O100635,2025-06-12,RJ001,C200,198.94,1,C7116,In-Store
O103956,2025-08-13,SP002,C100,149.04,2,C4593,marketplace
O100365,2025-06-07,RJ001,B200,113.11,1,C6446,In-Store
O100355,2025-06-07,RJ001,C100,156.27,1,C5479,marketplace
O102448,2025-07-17,MG001,C200,188.5,2,C2985,In-Store
O102210,2025-07-13,SP002,A200,63.93,2,C5659,market_place
O101489,2025-06-29,MG001,C200,198.61,1,C9267,on-line
O104440,2025-08-21,RJ001,C100,154.8,3,C2179,MarketPlace
O100198,2025-06-04,SP002,B200,118.22,3,C9702,marketplace
O104628,2025-08-24,SP001,C100,147.01,3,C6150,market_place
O102808,2025-07-24,SP002,B100,72.94,1,C5945,online
O101776,2025-07-05,SP002,A100,40.32,1,C9680,market_place
O104411,2025-08-20,MG001,B100,83.66,1,C5963,market_place
O104333,2025-08-19,MG001,A100,39.88,2,C6010,IN_STORE
O103570,2025-08-07,SP001,B100,82.03,1,C7188,ONLINE
O100923,2025-06-17,MG001,B100,76.1,2,C7073,on-line
O104074,2025-08-15,MG001,A100,42.11,1,C8021,Online
O100096,2025-06-02,SP002,B200,118.95,1,C7570,ONLINE
O102234,2025-07-13,RJ001,A100,41.3,3,C4296,market_place
O104669,2025-08-24,RJ001,C100,151.33,2,C3950,market_place
O103431,2025-08-04,RJ001,B200,113.25,1,C2199,online
O101357,2025-06-26,RJ001,B200,123.3,2,C4056,In-Store
O102866,2025-07-25,RJ001,B100,86.09,1,C3625,on-line
O104706,2025-08-25,SP002,A100,38.89,2,C1328,Online
O103927,2025-08-12,MG001,C200,211.48,2,C2841,market_place
O102388,2025-07-16,RJ001,A100,41.96,1,C2382,In-Store
O100031,2025-06-01,SP002,A200,57.99,3,C7216,in_store
O102354,2025-07-16,SP001,C100,158.42,5,C8373,In-Store
O104086,2025-08-16,SP001,B100,76.7,2,C1060,market_place
O102792,2025-07-24,SP001,C200,226.49,3,C1364,store
O100258,2025-06-05,RJ001,B200,110.14,2,C8136,in_store
O102170,2025-07-12,RJ001,B200,116.6,1,C5684,IN_STORE
O102948,27/07/2025,SP001,A100,36.57,2,C9161,on-line
O101853,2025-07-06,RJ001,C100,148.98,3,C9066,store
O104733,2025-08-25,MG001,B100,76.56,1,C2785,In-Store
O103750,2025-08-10,SP001,A100,39.36,1,C2302,market_place
O104048,2025-08-15,SP002,A200,61.34,5,C5762,ONLINE
O100441,2025-06-08,MG001,B200,121.86,5,C7686,MarketPlace
O104317,2025-08-19,RJ001,B100,81.83,3,C9927,marketplace
O100974,2025-06-19,SP002,C100,159.36,1,C6666,market_place
O101000,2025-06-19,MG001,A200,52.79,1,C5933,In-Store
O101251,2025-06-24,RJ001,A100,38.7,3,C5066,MarketPlace
O100328,2025-06-07,SP001,C200,208.59,3,C1339,marketplace
O102745,2025-07-23,SP001,C200,197.39,2,C5563,In-Store
O100390,2025-06-08,SP001,A100,39.91,2,C6873,in_store
O101100,2025-06-21,MG001,B100,71.92,3,C2425,IN_STORE
O100227,2025-06-05,SP001,A100,399.6,2,C8022,market_place
O104208,2025-08-17,RJ001,C100,154.09,2,C5670,online
O101868,2025-07-06,RJ001,C100,152.93,1,C6995,In-Store
O101695,2025-07-04,SP001,B200,113.6,2,C6008,IN_STORE
O101110,2025-06-22,SP001,C100,143.71,2,C2560,marketplace
O100204,2025-06-04,SP002,C200,216.46,2,C9540,in_store
O102905,2025-07-26,SP002,C200,184.14,3,C4102,marketplace
O100614,2025-06-12,SP001,A200,55.01,4,C1627,Online
O103247,2025-08-01,MG001,B100,79.28,2,C1415,Online
O104153,2025-08-16,MG001,B200,125.89,4,C7778,Online
O101591,2025-07-02,SP001,B100,77.09,2,C3185,IN_STORE
O105060,2025-08-31,RJ001,B200,124.14,1,C2697,Online
O103135,2025-07-30,MG001,B100,81.97,3,C8961,In-Store
O101476,2025-06-29,RJ001,A200,66.49,3,C1067,online
O102963,2025-07-27,SP002,A100,40.39,2,C4411,Online
O104385,2025-08-20,RJ001,B100,79.37,1,C8925,IN_STORE
O104474,2025-08-22,SP001,A200,59.33,2,C1906,online
O102344,2025-07-15,MG001,B200,129.9,1,C4083,online
O102540,2025-07-19,RJ001,B200,121.81,1,C8757,ONLINE
O103702,2025-08-09,SP002,C200,205.17,4,C9563,store
O101005,2025-06-19,MG001,B100,73.49,1,C9123,on-line
O101508,2025-06-30,SP002,B100,77.0,2,C4304,MarketPlace
O104558,2025/08/23,SP002,A100,40.16,3,C4343,online
O101552,2025-07-01,SP002,B100,78.73,4,C6421,online
O103468,2025-08-05,SP001,A100,42.12,1,C4485,IN_STORE
O104458,2025-08-21,MG001,C100,149.87,2,C2816,market_place
O101046,2025-06-20,RJ001,A200,59.22,2,C8912,market_place
O104311,2025-08-19,SP002,A200,63.45,4,C4608,in_store
O101335,2025-06-26,SP002,A100,45.42,5,C3787,store
O104294,2025-08-19,SP001,B100,83.67,2,C3797,on-line
O100018,2025-06-01,SP001,C100,155.61,1,C7201,online
O102199,2025-07-13,SP001,A200,56.63,3,C8794,market_place
O100373,2025-06-07,MG001,B200,0.0,5,C3068,ONLINE
O100544,2025-06-10,RJ001,A200,56.62,3,C3399,online
O103688,2025-08-09,SP001,C200,198.0,1,C3033,market_place
O101514,2025-06-30,SP002,C200,195.92,5,C2809,ONLINE
O101916,2025-07-07,RJ001,A200,51.11,2,C5655,on-line
O102550,2025-07-19,RJ001,B200,113.92,1,C4940,IN_STORE
O102641,2025-07-21,SP001,A100,41.23,1,C6651,IN_STORE
O100475,2025-06-09,SP002,C100,144.21,4,C5831,marketplace
O102414,2025-07-17,SP001,C100,150.36,3,C8306,Online
O104051,2025-08-15,SP002,B200,120.99,2,C2531,market_place
O101620,2025-07-02,RJ001,C100,148.23,2,,MarketPlace
O103068,2025-07-29,SP002,B100,75.99,1,C9274,In-Store
O101612,2025-07-02,RJ001,C200,209.18,3,C7371,MarketPlace
O102169,2025-07-12,RJ001,A200,62.0,2,C8201,in_store
O104611,2025-08-24,SP001,B200,123.36,1,C8368,MarketPlace
O100592,2025-06-11,RJ001,C200,218.72,1,C1715,IN_STORE
O101745,2025-07-05,SP001,C200,209.66,1,C7793,on-line
O105073,2025-08-31,MG001,B100,77.16,2,C4621,online
O100300,2025-06-06,SP002,C100,156.8,2,C4697,In-Store
O104709,2025-08-25,RJ001,A200,60.22,2,C5939,store
O102299,2025-07-15,SP001,A200,56.64,1,C5227,marketplace
O104097,2025-08-16,SP001,C200,193.5,1,C7783,in_store
O102403,2025-07-16,MG001,C200,203.27,2,C2595,Online
O100484,2025-06-09,SP002,A200,60.76,3,C8770,marketplace
O101428,2025-06-28,RJ001,B200,126.14,3,C4575,IN_STORE
O104887,2025-08-28,MG001,A200,56.52,1,C7114,in_store
O100239,2025-06-05,SP002,A200,61.9,3,C2874,store
O100203,04/06/2025,SP002,B200,111.38,2,C5050,in_store
O104930,2025-08-29,SP002,A100,39.67,4,C7909,IN_STORE
O102317,2025-07-15,RJ001,C100,149.94,1,C4869,marketplace
O101965,2025-07-08,RJ001,C200,210.96,1,C4263,online
O102203,2025-07-13,SP001,C100,162.8,1,C4401,MarketPlace
O101668,2025-07-03,RJ001,C200,204.14,1,C6860,on-line
O102791,2025-07-24,SP001,B200,119.17,2,C1334,IN_STORE
O103343,2025-08-03,SP001,A200,55.09,2,C7963,store
O102163,2025-07-12,RJ001,C100,142.51,2,C1630,market_place
O102259,2025/07/14,SP001,B100,76.43,5,C2838,on-line
O102326,2025-07-15,RJ001,A100,0.0,3,C3276,Online
O102957,2025-07-27,SP001,B100,73.82,3,C3118,market_place
O100870,2025-06-16,RJ001,A200,57.06,3,C6697,MarketPlace
O101375,2025-06-27,SP001,A200,62.18,2,C3422,marketplace
O100936,2025-06-18,SP002,A100,38.48,3,C1794,ONLINE
O102348,2025-07-15,MG001,A100,38.97,1,C1257,ONLINE
O103224,2025-08-01,SP002,A200,57.44,4,C5967,ONLINE
O104574,2025-08-23,RJ001,A100,38.84,3,C9249,online
O101547,2025-07-01,SP001,B200,108.25,2,C7305,in_store
O101119,2025-06-22,SP001,B200,116.2,2,C5558,marketplace
O104452,2025-08-21,MG001,B100,80.89,2,C7396,IN_STORE
O105069,2025-08-31,RJ001,B100,77.4,2,C8285,market_place
O102721,2025-07-22,MG001,B200,104.77,2,,MarketPlace
O101526,2025-06-30,RJ001,B100,79.31,4,C8171,In-Store
O102308,2025-07-15,SP002,C200,196.93,2,C6339,Online
O101921,2025-07-07,MG001,C100,142.19,3,C9987,IN_STORE
O101718,2025-07-04,SP002,C100,149.61,3,C7500,on-line
O102937,2025-07-26,RJ001,B200,120.57,2,C9108,Online
O103835,2025-08-11,SP001,C200,211.67,1,C6269,MarketPlace
O100631,2025-06-12,RJ001,C100,150.21,3,C2108,In-Store
O101061,2025-06-21,SP001,A200,61.94,1,C2025,store
O105017,2025-08-31,SP001,C100,159.87,1,C6767,In-Store
O101026,2025-06-20,SP002,C200,198.38,2,C7176,IN_STORE
O103023,2025-07-28,SP002,A100,39.53,2,C7548,IN_STORE
O101025,2025-06-20,SP002,A200,56.37,3,C3525,IN_STORE
O103114,2025-07-30,SP002,B100,76.28,1,C2605,In-Store
O100145,03/06/2025,SP002,C200,212.89,3,C6794,on-line
O104677,2025-08-24,MG001,A100,36.86,2,C8614,ONLINE
O101035,2025-06-20,RJ001,B100,80.33,1,C2735,IN_STORE
O101818,2025-07-06,SP001,C100,1465.3,1,C2124,online
O103310,2025-08-02,RJ001,A200,61.13,1,C3853,In-Store
O102754,2025-07-23,SP002,A100,41.68,5,C1438,In-Store
O100409,2025-06-08,SP002,C100,157.83,1,C9138,market_place
O101373,2025-06-27,SP001,A200,62.04,1,C7936,Online
O101967,2025-07-08,RJ001,C100,157.33,1,C4415,market_place
O101540,2025-06-30,MG001,B200,117.91,1,C1753,store
O102941,2025/07/26,MG001,C200,189.06,1,C3025,ONLINE
O102546,2025-07-19,RJ001,A100,39.39,2,C8711,online
O100108,2025-06-02,RJ001,C200,208.79,4,C7615,on-line
O101310,2025-06-25,MG001,C200,189.39,2,C6198,IN_STORE
O101994,2025-07-09,SP002,A200,56.53,3,C4057,market_place
O103154,2025-07-31,SP001,C100,156.38,1,C3028,marketplace
O102174,2025-07-12,RJ001,B200,118.76,5,C8400,MarketPlace
O100471,2025-06-09,SP001,A100,39.78,3,C6277,Online
O100742,2025-06-14,RJ001,C100,162.1,2,C8710,market_place
O104854,2025-08-28,SP002,C200,199.63,2,C3174,market_place
O104343,2025-08-20,SP001,C200,188.75,2,C7328,MarketPlace
O101230,2025-06-24,SP001,A100,38.86,2,C5584,on-line
O104642,2025-08-24,SP002,C100,150.27,1,C8435,on-line
O100050,2025-06-01,RJ001,C200,212.18,3,C5371,MarketPlace
O104258,18/08/2025,SP002,A200,58.9,1,C2755,in_store
O100578,2025-06-11,SP002,B100,81.5,4,C7171,marketplace
O102562,2025-07-19,MG001,C200,180.54,1,C7305,ONLINE
O100068,2025-06-01,MG001,A200,58.01,1,C4295,marketplace
O102559,2025-07-19,MG001,C200,167.74,5,C4030,IN_STORE
O103403,2025-08-04,SP001,C200,189.92,1,C7373,online
O102391,2025-07-16,RJ001,A200,59.39,1,C8211,market_place
O104896,2025-08-28,MG001,A200,54.74,3,C3286,MarketPlace
O100759,2025-06-14,MG001,C100,146.24,2,C3290,market_place
O102050,2025-07-10,SP002,C200,200.99,2,C9376,store
O102356,2025-07-16,SP001,A200,57.71,3,C1121,IN_STORE
O101538,2025-06-30,MG001,C200,204.34,1,C3140,MarketPlace
O101252,2025-06-24,RJ001,B100,80.26,4,C9412,store
O101532,2025-06-30,MG001,C200,184.71,1,C2852,ONLINE
O104922,29/08/2025,SP002,C100,153.35,1,C7523,MarketPlace
O103123,2025-07-30,RJ001,C200,188.6,3,C7830,In-Store
O100645,2025-06-12,MG001,A100,40.33,3,C4302,IN_STORE
O103756,2025-08-10,SP001,C200,0.0,2,C8858,on-line
O104102,2025-08-16,SP001,A200,61.06,1,C3664,MarketPlace
O102984,2025-07-27,RJ001,C100,145.26,4,C5841,In-Store
O103376,2025-08-03,RJ001,A200,63.44,2,C8372,store
O103137,2025-07-30,MG001,C100,145.98,1,C1797,IN_STORE
O100620,2025-06-12,SP002,B200,122.32,3,C5720,online
O102687,2025-07-22,SP001,A200,55.29,1,C4569,ONLINE
O101306,2025-06-25,MG001,A100,40.18,2,C7481,store
O100793,2025-06-15,SP002,B200,115.93,4,C6654,In-Store
O102664,2025-07-21,RJ001,C200,203.92,2,C5009,market_place
O103643,2025-08-08,SP002,C200,181.12,1,C1861,MarketPlace
O100009,2025-06-01,SP001,C200,193.02,2,,marketplace
O102082,2025-07-11,SP002,A200,58.96,5,C2173,on-line
O100122,2025-06-02,MG001,B100,87.09,2,C3584,in_store
O103395,2025-08-03,MG001,A100,40.57,1,C5650,In-Store
O100511,2025-06-10,SP001,A100,39.39,5,C3579,on-line
O104278,2025-08-18,MG001,A200,55.26,1,C9718,ONLINE
O103280,2025-08-02,SP002,A100,39.76,2,C3091,Online
O104506,2025-08-22,RJ001,A100,43.69,2,C3325,In-Store
O101137,2025-06-22,SP002,C200,210.59,2,C3711,marketplace
O101755,2025-07-05,SP001,A200,60.01,4,C7642,marketplace
O102811,2025/07/24,SP002,A200,62.6,1,C7591,IN_STORE
O101441,2025-06-28,MG001,B100,80.23,1,C7857,In-Store
O102970,2025-07-27,SP002,B100,76.16,1,C4274,MarketPlace
O101767,2025-07-05,SP002,A200,58.52,3,C9263,market_place
O103871,2025-08-11,MG001,C100,142.14,1,,store
O104485,2025-08-22,SP001,A200,61.85,2,C9785,store
O103002,2025-07-27,MG001,A200,56.98,1,C8817,market_place
O104332,2025-08-19,MG001,B100,0.0,1,C3022,market_place
O101158,2025-06-22,RJ001,A200,57.29,1,C7291,Online
O100465,2025-06-09,SP001,B200,116.33,3,C4629,market_place
O103210,2025-08-01,SP001,C200,195.19,1,C1033,on-line
O104955,2025-08-29,MG001,C200,180.82,1,C1385,in_store
O103975,2025-08-13,MG001,A200,60.65,2,C8696,online
O102289,2025-07-14,MG001,B200,117.39,1,C2410,Online
O100781,2025-06-15,SP001,A200,647.6,3,C6325,market_place
O100930,2025-06-18,SP001,C100,139.65,4,C6530,marketplace
O102297,2025-07-15,SP001,C200,198.28,1,C8625,market_place
O102417,2025-07-17,SP001,A100,39.77,1,C2506,MarketPlace
O101798,2025-07-05,RJ001,A100,39.19,1,C9328,ONLINE
O102531,2025-07-19,SP002,A200,57.87,2,C3084,store
O101773,2025-07-05,SP002,C100,143.32,1,C1019,market_place
O100953,2025-06-18,MG001,B200,134.2,1,C4984,store
O104147,2025-08-16,MG001,C200,212.24,5,C2694,Online
O101766,2025-07-05,SP002,A200,59.89,2,C1271,ONLINE
O100487,2025-06-09,RJ001,C200,192.41,3,C7105,market_place
O100682,2025-06-13,RJ001,A200,55.09,1,C5678,marketplace
O101209,2025-06-23,MG001,A200,59.33,1,C7870,online
O102936,2025-07-26,RJ001,A200,60.49,3,C8653,MarketPlace
O102645,2025-07-21,SP001,B200,116.38,2,C3683,In-Store
O102306,2025-07-15,SP002,B100,81.64,2,C3087,MarketPlace
O102917,2025-07-26,SP002,A100,39.92,2,C9266,in_store
O103311,2025-08-02,RJ001,A200,57.49,2,C3855,store
O102353,2025-07-16,SP001,C100,144.95,1,C8444,ONLINE
O101790,2025-07-05,RJ001,C100,137.58,3,C5514,in_store
O100234,2025-06-05,SP001,C200,209.6,5,,MarketPlace
O100830,2025-06-15,MG001,A200,59.65,1,C8822,on-line
O100448,2025-06-08,MG001,A100,42.67,1,C2501,in_store
O101647,2025-07-03,SP001,A100,0.0,1,C7143,market_place
O100841,2025-06-16,SP001,B100,82.46,2,C4618,marketplace
O104299,2025-08-19,SP002,C100,142.24,1,C5762,MarketPlace
O104707,2025-08-25,RJ001,C100,150.68,1,C9216,ONLINE
O101145,2025-06-22,SP002,A100,42.81,5,C6629,online
O100049,2025-06-01,RJ001,C200,209.44,2,C2876,market_place
O100773,2025-06-15,SP001,A200,56.0,1,C4968,marketplace
